time [h]	Qdot1 [W]
0	0.0
1	0.0
2	0.0
3	0.0
4	0.0
5	0.0
6	0.0
7	0.0
8	0.0
9	0.0
10	0.0
11	0.0
12	0.0
13	0.0
14	0.0
15	0.0
16	0.0
17	0.0
18	0.0
19	0.0
20	0.0
21	0.0
22	0.0
23	0.0
24	0.0
25	0.0
26	0.0
27	0.0
28	0.0
29	0.0
30	0.0
31	0.0
32	0.0
33	0.0
34	0.0
35	0.0
36	0.0
37	0.0
38	0.0
39	0.0
40	0.0
41	0.0
42	0.0
43	0.0
44	0.0
45	0.0
46	0.0
47	0.0
48	0.0
49	0.0
50	0.0
51	0.0
52	0.0
53	0.0
54	0.0
55	0.0
56	0.0
57	0.0
58	0.0
59	0.0
60	0.0
61	0.0
62	0.0
63	0.0
64	0.0
65	0.0
66	0.0
67	0.0
68	0.0
69	0.0
70	0.0
71	0.0
72	0.0
73	0.0
74	0.0
75	0.0
76	0.0
77	0.0
78	0.0
79	0.0
80	0.0
81	0.0
82	0.0
83	0.0
84	0.0
85	0.0
86	0.0
87	0.0
88	0.0
89	0.0
90	0.0
91	0.0
92	0.0
93	0.0
94	0.0
95	0.0
96	0.0
97	0.0
98	0.0
99	0.0
100	0.0
101	0.0
102	0.0
103	0.0
104	0.0
105	0.0
106	0.0
107	0.0
108	0.0
109	0.0
110	0.0
111	0.0
112	0.0
113	0.0
114	0.0
115	0.0
116	0.0
117	0.0
118	0.0
119	0.0
120	0.0
121	0.0
122	0.0
123	0.0
124	0.0
125	0.0
126	0.0
127	0.0
128	0.0
129	0.0
130	0.0
131	0.0
132	0.0
133	0.0
134	0.0
135	0.0
136	0.0
137	0.0
138	0.0
139	0.0
140	0.0
141	0.0
142	0.0
143	0.0
144	0.0
145	0.0
146	0.0
147	0.0
148	0.0
149	0.0
150	0.0
151	0.0
152	0.0
153	0.0
154	0.0
155	0.0
156	0.0
157	0.0
158	0.0
159	0.0
160	0.0
161	0.0
162	0.0
163	0.0
164	0.0
165	0.0
166	0.0
167	0.0
168	0.0
169	0.0
170	0.0
171	0.0
172	0.0
173	0.0
174	0.0
175	0.0
176	0.0
177	0.0
178	0.0
179	0.0
180	0.0
181	0.0
182	0.0
183	0.0
184	0.0
185	0.0
186	0.0
187	0.0
188	0.0
189	0.0
190	0.0
191	0.0
192	0.0
193	0.0
194	0.0
195	0.0
196	0.0
197	0.0
198	0.0
199	0.0
200	0.0
201	0.0
202	0.0
203	0.0
204	0.0
205	0.0
206	0.0
207	0.0
208	0.0
209	0.0
210	0.0
211	0.0
212	0.0
213	0.0
214	0.0
215	0.0
216	0.0
217	0.0
218	0.0
219	0.0
220	0.0
221	0.0
222	0.0
223	0.0
224	0.0
225	0.0
226	0.0
227	0.0
228	0.0
229	0.0
230	0.0
231	0.0
232	0.0
233	0.0
234	0.0
235	0.0
236	0.0
237	0.0
238	0.0
239	0.0
240	0.0
241	0.0
242	0.0
243	0.0
244	0.0
245	0.0
246	0.0
247	0.0
248	0.0
249	0.0
250	0.0
251	0.0
252	0.0
253	0.0
254	0.0
255	0.0
256	0.0
257	0.0
258	0.0
259	0.0
260	0.0
261	0.0
262	0.0
263	0.0
264	0.0
265	0.0
266	0.0
267	0.0
268	0.0
269	0.0
270	0.0
271	0.0
272	0.0
273	0.0
274	0.0
275	0.0
276	0.0
277	0.0
278	0.0
279	0.0
280	0.0
281	0.0
282	0.0
283	0.0
284	0.0
285	0.0
286	0.0
287	0.0
288	0.0
289	0.0
290	0.0
291	0.0
292	0.0
293	0.0
294	0.0
295	0.0
296	0.0
297	0.0
298	0.0
299	0.0
300	0.0
301	0.0
302	0.0
303	0.0
304	0.0
305	0.0
306	0.0
307	0.0
308	0.0
309	0.0
310	0.0
311	0.0
312	0.0
313	0.0
314	0.0
315	0.0
316	0.0
317	0.0
318	0.0
319	0.0
320	0.0
321	0.0
322	0.0
323	0.0
324	0.0
325	0.0
326	0.0
327	0.0
328	0.0
329	0.0
330	0.0
331	0.0
332	0.0
333	0.0
334	0.0
335	0.0
336	0.0
337	0.0
338	0.0
339	0.0
340	0.0
341	0.0
342	0.0
343	0.0
344	0.0
345	0.0
346	0.0
347	0.0
348	0.0
349	0.0
350	0.0
351	0.0
352	0.0
353	0.0
354	0.0
355	0.0
356	0.0
357	0.0
358	0.0
359	0.0
360	0.0
361	0.0
362	0.0
363	0.0
364	0.0
365	0.0
366	0.0
367	0.0
368	0.0
369	0.0
370	0.0
371	0.0
372	0.0
373	0.0
374	0.0
375	0.0
376	0.0
377	0.0
378	0.0
379	0.0
380	0.0
381	0.0
382	0.0
383	0.0
384	0.0
385	0.0
386	0.0
387	0.0
388	0.0
389	0.0
390	0.0
391	0.0
392	0.0
393	0.0
394	0.0
395	0.0
396	0.0
397	0.0
398	0.0
399	0.0
400	0.0
401	0.0
402	0.0
403	0.0
404	0.0
405	0.0
406	0.0
407	0.0
408	0.0
409	0.0
410	0.0
411	0.0
412	0.0
413	0.0
414	0.0
415	0.0
416	0.0
417	0.0
418	0.0
419	0.0
420	0.0
421	0.0
422	0.0
423	0.0
424	0.0
425	0.0
426	0.0
427	0.0
428	0.0
429	0.0
430	0.0
431	0.0
432	0.0
433	0.0
434	0.0
435	0.0
436	0.0
437	0.0
438	0.0
439	0.0
440	0.0
441	0.0
442	0.0
443	0.0
444	0.0
445	0.0
446	0.0
447	0.0
448	0.0
449	0.0
450	0.0
451	0.0
452	0.0
453	0.0
454	0.0
455	0.0
456	0.0
457	0.0
458	0.0
459	0.0
460	0.0
461	0.0
462	0.0
463	0.0
464	0.0
465	0.0
466	0.0
467	0.0
468	0.0
469	0.0
470	0.0
471	0.0
472	0.0
473	0.0
474	0.0
475	0.0
476	0.0
477	0.0
478	0.0
479	0.0
480	0.0
481	0.0
482	0.0
483	0.0
484	0.0
485	0.0
486	0.0
487	0.0
488	0.0
489	0.0
490	0.0
491	0.0
492	0.0
493	0.0
494	0.0
495	0.0
496	0.0
497	0.0
498	0.0
499	0.0
500	0.0
501	0.0
502	0.0
503	0.0
504	0.0
505	0.0
506	0.0
507	0.0
508	0.0
509	0.0
510	0.0
511	0.0
512	0.0
513	0.0
514	0.0
515	0.0
516	0.0
517	0.0
518	0.0
519	0.0
520	0.0
521	0.0
522	0.0
523	0.0
524	0.0
525	0.0
526	0.0
527	0.0
528	0.0
529	0.0
530	0.0
531	0.0
532	0.0
533	0.0
534	0.0
535	0.0
536	0.0
537	0.0
538	0.0
539	0.0
540	0.0
541	0.0
542	0.0
543	0.0
544	0.0
545	0.0
546	0.0
547	0.0
548	0.0
549	0.0
550	0.0
551	0.0
552	0.0
553	0.0
554	0.0
555	0.0
556	0.0
557	0.0
558	0.0
559	0.0
560	0.0
561	0.0
562	0.0
563	0.0
564	0.0
565	0.0
566	0.0
567	0.0
568	0.0
569	0.0
570	0.0
571	0.0
572	0.0
573	0.0
574	0.0
575	0.0
576	0.0
577	0.0
578	0.0
579	0.0
580	0.0
581	0.0
582	0.0
583	0.0
584	0.0
585	0.0
586	0.0
587	0.0
588	0.0
589	0.0
590	0.0
591	0.0
592	0.0
593	0.0
594	0.0
595	0.0
596	0.0
597	0.0
598	0.0
599	0.0
600	0.0
601	0.0
602	0.0
603	0.0
604	0.0
605	0.0
606	0.0
607	0.0
608	0.0
609	0.0
610	0.0
611	0.0
612	0.0
613	0.0
614	0.0
615	0.0
616	0.0
617	0.0
618	0.0
619	0.0
620	0.0
621	0.0
622	0.0
623	0.0
624	0.0
625	0.0
626	0.0
627	0.0
628	0.0
629	0.0
630	0.0
631	0.0
632	0.0
633	0.0
634	0.0
635	0.0
636	0.0
637	0.0
638	0.0
639	0.0
640	0.0
641	0.0
642	0.0
643	0.0
644	0.0
645	0.0
646	0.0
647	0.0
648	0.0
649	0.0
650	0.0
651	0.0
652	0.0
653	0.0
654	0.0
655	0.0
656	0.0
657	0.0
658	0.0
659	0.0
660	0.0
661	0.0
662	0.0
663	0.0
664	0.0
665	0.0
666	0.0
667	0.0
668	0.0
669	0.0
670	0.0
671	0.0
672	0.0
673	0.0
674	0.0
675	0.0
676	0.0
677	0.0
678	0.0
679	0.0
680	0.0
681	0.0
682	0.0
683	0.0
684	0.0
685	0.0
686	0.0
687	0.0
688	0.0
689	0.0
690	0.0
691	0.0
692	0.0
693	0.0
694	0.0
695	0.0
696	0.0
697	0.0
698	0.0
699	0.0
700	0.0
701	0.0
702	0.0
703	0.0
704	0.0
705	0.0
706	0.0
707	0.0
708	0.0
709	0.0
710	0.0
711	0.0
712	0.0
713	0.0
714	0.0
715	0.0
716	0.0
717	0.0
718	0.0
719	0.0
720	0.0
721	0.0
722	0.0
723	0.0
724	0.0
725	0.0
726	0.0
727	0.0
728	0.0
729	0.0
730	0.0
731	0.0
732	0.0
733	0.0
734	0.0
735	0.0
736	0.0
737	0.0
738	0.0
739	0.0
740	0.0
741	0.0
742	0.0
743	0.0
744	0.0
745	0.0
746	0.0
747	0.0
748	0.0
749	0.0
750	0.0
751	0.0
752	0.0
753	0.0
754	0.0
755	0.0
756	0.0
757	0.0
758	0.0
759	0.0
760	0.0
761	0.0
762	0.0
763	0.0
764	0.0
765	0.0
766	0.0
767	0.0
768	0.0
769	0.0
770	0.0
771	0.0
772	0.0
773	0.0
774	0.0
775	0.0
776	0.0
777	0.0
778	0.0
779	0.0
780	0.0
781	0.0
782	0.0
783	0.0
784	0.0
785	0.0
786	0.0
787	0.0
788	0.0
789	0.0
790	0.0
791	0.0
792	0.0
793	0.0
794	0.0
795	0.0
796	0.0
797	0.0
798	0.0
799	0.0
800	0.0
801	0.0
802	0.0
803	0.0
804	0.0
805	0.0
806	0.0
807	0.0
808	0.0
809	0.0
810	0.0
811	0.0
812	0.0
813	0.0
814	0.0
815	0.0
816	0.0
817	0.0
818	0.0
819	0.0
820	0.0
821	0.0
822	0.0
823	0.0
824	0.0
825	0.0
826	0.0
827	0.0
828	0.0
829	0.0
830	0.0
831	0.0
832	0.0
833	0.0
834	0.0
835	0.0
836	0.0
837	0.0
838	0.0
839	0.0
840	0.0
841	0.0
842	0.0
843	0.0
844	0.0
845	0.0
846	0.0
847	0.0
848	0.0
849	0.0
850	0.0
851	0.0
852	0.0
853	0.0
854	0.0
855	0.0
856	0.0
857	0.0
858	0.0
859	0.0
860	0.0
861	0.0
862	0.0
863	0.0
864	0.0
865	0.0
866	0.0
867	0.0
868	0.0
869	0.0
870	0.0
871	0.0
872	0.0
873	0.0
874	0.0
875	0.0
876	0.0
877	0.0
878	0.0
879	0.0
880	0.0
881	0.0
882	0.0
883	0.0
884	0.0
885	0.0
886	0.0
887	0.0
888	0.0
889	0.0
890	0.0
891	0.0
892	0.0
893	0.0
894	0.0
895	0.0
896	0.0
897	0.0
898	0.0
899	0.0
900	0.0
901	0.0
902	0.0
903	0.0
904	0.0
905	0.0
906	0.0
907	0.0
908	0.0
909	0.0
910	0.0
911	0.0
912	0.0
913	0.0
914	0.0
915	0.0
916	0.0
917	0.0
918	0.0
919	0.0
920	0.0
921	0.0
922	0.0
923	0.0
924	0.0
925	0.0
926	0.0
927	0.0
928	0.0
929	0.0
930	0.0
931	0.0
932	0.0
933	0.0
934	0.0
935	0.0
936	0.0
937	0.0
938	0.0
939	0.0
940	0.0
941	0.0
942	0.0
943	0.0
944	0.0
945	0.0
946	0.0
947	0.0
948	0.0
949	0.0
950	0.0
951	0.0
952	0.0
953	0.0
954	0.0
955	0.0
956	0.0
957	0.0
958	0.0
959	0.0
960	0.0
961	0.0
962	0.0
963	0.0
964	0.0
965	0.0
966	0.0
967	0.0
968	0.0
969	0.0
970	0.0
971	0.0
972	0.0
973	0.0
974	0.0
975	0.0
976	0.0
977	0.0
978	0.0
979	0.0
980	0.0
981	0.0
982	0.0
983	0.0
984	0.0
985	0.0
986	0.0
987	0.0
988	0.0
989	0.0
990	0.0
991	0.0
992	0.0
993	0.0
994	0.0
995	0.0
996	0.0
997	0.0
998	0.0
999	0.0
1000	0.0
1001	0.0
1002	0.0
1003	0.0
1004	0.0
1005	0.0
1006	0.0
1007	0.0
1008	0.0
1009	0.0
1010	0.0
1011	0.0
1012	0.0
1013	0.0
1014	0.0
1015	0.0
1016	0.0
1017	0.0
1018	0.0
1019	0.0
1020	0.0
1021	0.0
1022	0.0
1023	0.0
1024	0.0
1025	0.0
1026	0.0
1027	0.0
1028	0.0
1029	0.0
1030	0.0
1031	0.0
1032	0.0
1033	0.0
1034	0.0
1035	0.0
1036	0.0
1037	0.0
1038	0.0
1039	0.0
1040	0.0
1041	0.0
1042	0.0
1043	0.0
1044	0.0
1045	0.0
1046	0.0
1047	0.0
1048	0.0
1049	0.0
1050	0.0
1051	0.0
1052	0.0
1053	0.0
1054	0.0
1055	0.0
1056	0.0
1057	0.0
1058	0.0
1059	0.0
1060	0.0
1061	0.0
1062	0.0
1063	0.0
1064	0.0
1065	0.0
1066	0.0
1067	0.0
1068	0.0
1069	0.0
1070	0.0
1071	0.0
1072	0.0
1073	0.0
1074	0.0
1075	0.0
1076	0.0
1077	0.0
1078	0.0
1079	0.0
1080	0.0
1081	0.0
1082	0.0
1083	0.0
1084	0.0
1085	0.0
1086	0.0
1087	0.0
1088	0.0
1089	0.0
1090	0.0
1091	0.0
1092	0.0
1093	0.0
1094	0.0
1095	0.0
1096	0.0
1097	0.0
1098	0.0
1099	0.0
1100	0.0
1101	0.0
1102	0.0
1103	0.0
1104	0.0
1105	0.0
1106	0.0
1107	0.0
1108	0.0
1109	0.0
1110	0.0
1111	0.0
1112	0.0
1113	0.0
1114	0.0
1115	0.0
1116	0.0
1117	0.0
1118	0.0
1119	0.0
1120	0.0
1121	0.0
1122	0.0
1123	0.0
1124	0.0
1125	0.0
1126	0.0
1127	0.0
1128	0.0
1129	0.0
1130	0.0
1131	0.0
1132	0.0
1133	0.0
1134	0.0
1135	0.0
1136	0.0
1137	0.0
1138	0.0
1139	0.0
1140	0.0
1141	0.0
1142	0.0
1143	0.0
1144	0.0
1145	0.0
1146	0.0
1147	0.0
1148	0.0
1149	0.0
1150	0.0
1151	0.0
1152	0.0
1153	0.0
1154	0.0
1155	0.0
1156	0.0
1157	0.0
1158	0.0
1159	0.0
1160	0.0
1161	0.0
1162	0.0
1163	0.0
1164	0.0
1165	0.0
1166	0.0
1167	0.0
1168	0.0
1169	0.0
1170	0.0
1171	0.0
1172	0.0
1173	0.0
1174	0.0
1175	0.0
1176	0.0
1177	0.0
1178	0.0
1179	0.0
1180	0.0
1181	0.0
1182	0.0
1183	0.0
1184	0.0
1185	0.0
1186	0.0
1187	0.0
1188	0.0
1189	0.0
1190	0.0
1191	0.0
1192	0.0
1193	0.0
1194	0.0
1195	0.0
1196	0.0
1197	0.0
1198	0.0
1199	0.0
1200	0.0
1201	0.0
1202	0.0
1203	0.0
1204	0.0
1205	0.0
1206	0.0
1207	0.0
1208	0.0
1209	0.0
1210	0.0
1211	0.0
1212	0.0
1213	0.0
1214	0.0
1215	0.0
1216	0.0
1217	0.0
1218	0.0
1219	0.0
1220	0.0
1221	0.0
1222	0.0
1223	0.0
1224	0.0
1225	0.0
1226	0.0
1227	0.0
1228	0.0
1229	0.0
1230	0.0
1231	0.0
1232	0.0
1233	0.0
1234	0.0
1235	0.0
1236	0.0
1237	0.0
1238	0.0
1239	0.0
1240	0.0
1241	0.0
1242	0.0
1243	0.0
1244	0.0
1245	0.0
1246	0.0
1247	0.0
1248	0.0
1249	0.0
1250	0.0
1251	0.0
1252	0.0
1253	0.0
1254	0.0
1255	0.0
1256	0.0
1257	0.0
1258	0.0
1259	0.0
1260	0.0
1261	0.0
1262	0.0
1263	0.0
1264	0.0
1265	0.0
1266	0.0
1267	0.0
1268	0.0
1269	0.0
1270	0.0
1271	0.0
1272	0.0
1273	0.0
1274	0.0
1275	0.0
1276	0.0
1277	0.0
1278	0.0
1279	0.0
1280	0.0
1281	0.0
1282	0.0
1283	0.0
1284	0.0
1285	0.0
1286	0.0
1287	0.0
1288	0.0
1289	0.0
1290	0.0
1291	0.0
1292	0.0
1293	0.0
1294	0.0
1295	0.0
1296	0.0
1297	0.0
1298	0.0
1299	0.0
1300	0.0
1301	0.0
1302	0.0
1303	0.0
1304	0.0
1305	0.0
1306	0.0
1307	0.0
1308	0.0
1309	0.0
1310	0.0
1311	0.0
1312	0.0
1313	0.0
1314	0.0
1315	0.0
1316	0.0
1317	0.0
1318	0.0
1319	0.0
1320	0.0
1321	0.0
1322	0.0
1323	0.0
1324	0.0
1325	0.0
1326	0.0
1327	0.0
1328	0.0
1329	0.0
1330	0.0
1331	0.0
1332	0.0
1333	0.0
1334	0.0
1335	0.0
1336	0.0
1337	0.0
1338	0.0
1339	0.0
1340	0.0
1341	0.0
1342	0.0
1343	0.0
1344	0.0
1345	0.0
1346	0.0
1347	0.0
1348	0.0
1349	0.0
1350	0.0
1351	0.0
1352	0.0
1353	0.0
1354	0.0
1355	0.0
1356	0.0
1357	0.0
1358	0.0
1359	0.0
1360	0.0
1361	0.0
1362	0.0
1363	0.0
1364	0.0
1365	0.0
1366	0.0
1367	0.0
1368	0.0
1369	0.0
1370	0.0
1371	0.0
1372	0.0
1373	0.0
1374	0.0
1375	0.0
1376	0.0
1377	0.0
1378	0.0
1379	0.0
1380	0.0
1381	0.0
1382	0.0
1383	0.0
1384	0.0
1385	0.0
1386	0.0
1387	0.0
1388	0.0
1389	0.0
1390	0.0
1391	0.0
1392	0.0
1393	0.0
1394	0.0
1395	0.0
1396	0.0
1397	0.0
1398	0.0
1399	0.0
1400	0.0
1401	0.0
1402	0.0
1403	0.0
1404	0.0
1405	0.0
1406	0.0
1407	0.0
1408	0.0
1409	0.0
1410	0.0
1411	0.0
1412	0.0
1413	0.0
1414	0.0
1415	0.0
1416	0.0
1417	0.0
1418	0.0
1419	0.0
1420	0.0
1421	0.0
1422	0.0
1423	0.0
1424	0.0
1425	0.0
1426	0.0
1427	0.0
1428	0.0
1429	0.0
1430	0.0
1431	0.0
1432	0.0
1433	0.0
1434	0.0
1435	0.0
1436	0.0
1437	0.0
1438	0.0
1439	0.0
1440	0.0
1441	0.0
1442	0.0
1443	0.0
1444	0.0
1445	0.0
1446	0.0
1447	0.0
1448	0.0
1449	0.0
1450	0.0
1451	0.0
1452	0.0
1453	0.0
1454	0.0
1455	0.0
1456	0.0
1457	0.0
1458	0.0
1459	0.0
1460	0.0
1461	0.0
1462	0.0
1463	0.0
1464	0.0
1465	0.0
1466	0.0
1467	0.0
1468	0.0
1469	0.0
1470	0.0
1471	0.0
1472	0.0
1473	0.0
1474	0.0
1475	0.0
1476	0.0
1477	0.0
1478	0.0
1479	0.0
1480	0.0
1481	0.0
1482	0.0
1483	0.0
1484	0.0
1485	0.0
1486	0.0
1487	0.0
1488	0.0
1489	0.0
1490	0.0
1491	0.0
1492	0.0
1493	0.0
1494	0.0
1495	0.0
1496	0.0
1497	0.0
1498	0.0
1499	0.0
1500	0.0
1501	0.0
1502	0.0
1503	0.0
1504	0.0
1505	0.0
1506	0.0
1507	0.0
1508	0.0
1509	0.0
1510	0.0
1511	0.0
1512	0.0
1513	0.0
1514	0.0
1515	0.0
1516	0.0
1517	0.0
1518	0.0
1519	0.0
1520	0.0
1521	0.0
1522	0.0
1523	0.0
1524	0.0
1525	0.0
1526	0.0
1527	0.0
1528	0.0
1529	0.0
1530	0.0
1531	0.0
1532	0.0
1533	0.0
1534	0.0
1535	0.0
1536	0.0
1537	0.0
1538	0.0
1539	0.0
1540	0.0
1541	0.0
1542	0.0
1543	0.0
1544	0.0
1545	0.0
1546	0.0
1547	0.0
1548	0.0
1549	0.0
1550	0.0
1551	0.0
1552	0.0
1553	0.0
1554	0.0
1555	0.0
1556	0.0
1557	0.0
1558	0.0
1559	0.0
1560	0.0
1561	0.0
1562	0.0
1563	0.0
1564	0.0
1565	0.0
1566	0.0
1567	0.0
1568	0.0
1569	0.0
1570	0.0
1571	0.0
1572	0.0
1573	0.0
1574	0.0
1575	0.0
1576	0.0
1577	0.0
1578	0.0
1579	0.0
1580	0.0
1581	0.0
1582	0.0
1583	0.0
1584	0.0
1585	0.0
1586	0.0
1587	0.0
1588	0.0
1589	0.0
1590	0.0
1591	0.0
1592	0.0
1593	0.0
1594	0.0
1595	0.0
1596	0.0
1597	0.0
1598	0.0
1599	0.0
1600	0.0
1601	0.0
1602	0.0
1603	0.0
1604	0.0
1605	0.0
1606	0.0
1607	0.0
1608	0.0
1609	0.0
1610	0.0
1611	0.0
1612	0.0
1613	0.0
1614	0.0
1615	0.0
1616	0.0
1617	0.0
1618	0.0
1619	0.0
1620	0.0
1621	0.0
1622	0.0
1623	0.0
1624	0.0
1625	0.0
1626	0.0
1627	0.0
1628	0.0
1629	0.0
1630	0.0
1631	0.0
1632	0.0
1633	0.0
1634	0.0
1635	0.0
1636	0.0
1637	0.0
1638	0.0
1639	0.0
1640	0.0
1641	0.0
1642	0.0
1643	0.0
1644	0.0
1645	0.0
1646	0.0
1647	0.0
1648	0.0
1649	0.0
1650	0.0
1651	0.0
1652	0.0
1653	0.0
1654	0.0
1655	0.0
1656	0.0
1657	0.0
1658	0.0
1659	0.0
1660	0.0
1661	0.0
1662	0.0
1663	0.0
1664	0.0
1665	0.0
1666	0.0
1667	0.0
1668	0.0
1669	0.0
1670	0.0
1671	0.0
1672	0.0
1673	0.0
1674	0.0
1675	0.0
1676	0.0
1677	0.0
1678	0.0
1679	0.0
1680	0.0
1681	0.0
1682	0.0
1683	0.0
1684	0.0
1685	0.0
1686	0.0
1687	0.0
1688	0.0
1689	0.0
1690	0.0
1691	0.0
1692	0.0
1693	0.0
1694	0.0
1695	0.0
1696	0.0
1697	0.0
1698	0.0
1699	0.0
1700	0.0
1701	0.0
1702	0.0
1703	0.0
1704	0.0
1705	0.0
1706	0.0
1707	0.0
1708	0.0
1709	0.0
1710	0.0
1711	0.0
1712	0.0
1713	0.0
1714	0.0
1715	0.0
1716	0.0
1717	0.0
1718	0.0
1719	0.0
1720	0.0
1721	0.0
1722	0.0
1723	0.0
1724	0.0
1725	0.0
1726	0.0
1727	0.0
1728	0.0
1729	0.0
1730	0.0
1731	0.0
1732	0.0
1733	0.0
1734	0.0
1735	0.0
1736	0.0
1737	0.0
1738	0.0
1739	0.0
1740	0.0
1741	0.0
1742	0.0
1743	0.0
1744	0.0
1745	0.0
1746	0.0
1747	0.0
1748	0.0
1749	0.0
1750	0.0
1751	0.0
1752	0.0
1753	0.0
1754	0.0
1755	0.0
1756	0.0
1757	0.0
1758	0.0
1759	0.0
1760	0.0
1761	0.0
1762	0.0
1763	0.0
1764	0.0
1765	0.0
1766	0.0
1767	0.0
1768	0.0
1769	0.0
1770	0.0
1771	0.0
1772	0.0
1773	0.0
1774	0.0
1775	0.0
1776	0.0
1777	0.0
1778	0.0
1779	0.0
1780	0.0
1781	0.0
1782	0.0
1783	0.0
1784	0.0
1785	0.0
1786	0.0
1787	0.0
1788	0.0
1789	0.0
1790	0.0
1791	0.0
1792	0.0
1793	0.0
1794	0.0
1795	0.0
1796	0.0
1797	0.0
1798	0.0
1799	0.0
1800	0.0
1801	0.0
1802	0.0
1803	0.0
1804	0.0
1805	0.0
1806	0.0
1807	0.0
1808	0.0
1809	0.0
1810	0.0
1811	0.0
1812	0.0
1813	0.0
1814	0.0
1815	0.0
1816	0.0
1817	0.0
1818	0.0
1819	0.0
1820	0.0
1821	0.0
1822	0.0
1823	0.0
1824	0.0
1825	0.0
1826	0.0
1827	0.0
1828	0.0
1829	0.0
1830	0.0
1831	0.0
1832	0.0
1833	0.0
1834	0.0
1835	0.0
1836	0.0
1837	0.0
1838	0.0
1839	0.0
1840	0.0
1841	0.0
1842	0.0
1843	0.0
1844	0.0
1845	0.0
1846	0.0
1847	0.0
1848	0.0
1849	0.0
1850	0.0
1851	0.0
1852	0.0
1853	0.0
1854	0.0
1855	0.0
1856	0.0
1857	0.0
1858	0.0
1859	0.0
1860	0.0
1861	0.0
1862	0.0
1863	0.0
1864	0.0
1865	0.0
1866	0.0
1867	0.0
1868	0.0
1869	0.0
1870	0.0
1871	0.0
1872	0.0
1873	0.0
1874	0.0
1875	0.0
1876	0.0
1877	0.0
1878	0.0
1879	0.0
1880	0.0
1881	0.0
1882	0.0
1883	0.0
1884	0.0
1885	0.0
1886	0.0
1887	0.0
1888	0.0
1889	0.0
1890	0.0
1891	0.0
1892	0.0
1893	0.0
1894	0.0
1895	0.0
1896	0.0
1897	0.0
1898	0.0
1899	0.0
1900	0.0
1901	0.0
1902	0.0
1903	0.0
1904	0.0
1905	0.0
1906	0.0
1907	0.0
1908	0.0
1909	0.0
1910	0.0
1911	0.0
1912	0.0
1913	0.0
1914	0.0
1915	0.0
1916	0.0
1917	0.0
1918	0.0
1919	0.0
1920	0.0
1921	0.0
1922	0.0
1923	0.0
1924	0.0
1925	0.0
1926	0.0
1927	0.0
1928	0.0
1929	0.0
1930	0.0
1931	0.0
1932	0.0
1933	0.0
1934	0.0
1935	0.0
1936	0.0
1937	0.0
1938	0.0
1939	0.0
1940	0.0
1941	0.0
1942	0.0
1943	0.0
1944	0.0
1945	0.0
1946	0.0
1947	0.0
1948	0.0
1949	0.0
1950	0.0
1951	0.0
1952	0.0
1953	0.0
1954	0.0
1955	0.0
1956	0.0
1957	0.0
1958	0.0
1959	0.0
1960	0.0
1961	0.0
1962	0.0
1963	0.0
1964	0.0
1965	0.0
1966	0.0
1967	0.0
1968	0.0
1969	0.0
1970	0.0
1971	0.0
1972	0.0
1973	0.0
1974	0.0
1975	0.0
1976	0.0
1977	0.0
1978	0.0
1979	0.0
1980	0.0
1981	0.0
1982	0.0
1983	0.0
1984	0.0
1985	0.0
1986	0.0
1987	0.0
1988	0.0
1989	0.0
1990	0.0
1991	0.0
1992	0.0
1993	0.0
1994	0.0
1995	0.0
1996	0.0
1997	0.0
1998	0.0
1999	0.0
2000	0.0
2001	0.0
2002	0.0
2003	0.0
2004	0.0
2005	0.0
2006	0.0
2007	0.0
2008	0.0
2009	0.0
2010	0.0
2011	0.0
2012	0.0
2013	0.0
2014	0.0
2015	0.0
2016	0.0
2017	0.0
2018	0.0
2019	0.0
2020	0.0
2021	0.0
2022	0.0
2023	0.0
2024	0.0
2025	0.0
2026	0.0
2027	0.0
2028	0.0
2029	0.0
2030	0.0
2031	0.0
2032	0.0
2033	0.0
2034	0.0
2035	0.0
2036	0.0
2037	0.0
2038	0.0
2039	0.0
2040	0.0
2041	0.0
2042	0.0
2043	0.0
2044	0.0
2045	0.0
2046	0.0
2047	0.0
2048	0.0
2049	0.0
2050	0.0
2051	0.0
2052	0.0
2053	0.0
2054	0.0
2055	0.0
2056	0.0
2057	0.0
2058	0.0
2059	0.0
2060	0.0
2061	0.0
2062	0.0
2063	0.0
2064	0.0
2065	0.0
2066	0.0
2067	0.0
2068	0.0
2069	0.0
2070	0.0
2071	0.0
2072	0.0
2073	0.0
2074	0.0
2075	0.0
2076	0.0
2077	0.0
2078	0.0
2079	0.0
2080	0.0
2081	0.0
2082	0.0
2083	0.0
2084	0.0
2085	0.0
2086	0.0
2087	0.0
2088	0.0
2089	0.0
2090	0.0
2091	0.0
2092	0.0
2093	0.0
2094	0.0
2095	0.0
2096	0.0
2097	0.0
2098	0.0
2099	0.0
2100	0.0
2101	0.0
2102	0.0
2103	0.0
2104	0.0
2105	0.0
2106	0.0
2107	0.0
2108	0.0
2109	0.0
2110	0.0
2111	0.0
2112	0.0
2113	0.0
2114	0.0
2115	0.0
2116	0.0
2117	0.0
2118	0.0
2119	0.0
2120	0.0
2121	0.0
2122	0.0
2123	0.0
2124	0.0
2125	0.0
2126	0.0
2127	0.0
2128	0.0
2129	0.0
2130	0.0
2131	0.0
2132	0.0
2133	0.0
2134	0.0
2135	0.0
2136	0.0
2137	0.0
2138	0.0
2139	0.0
2140	0.0
2141	0.0
2142	0.0
2143	0.0
2144	0.0
2145	0.0
2146	0.0
2147	0.0
2148	0.0
2149	0.0
2150	0.0
2151	0.0
2152	0.0
2153	0.0
2154	0.0
2155	0.0
2156	0.0
2157	0.0
2158	0.0
2159	0.0
2160	0.0
2161	0.0
2162	0.0
2163	0.0
2164	0.0
2165	0.0
2166	0.0
2167	0.0
2168	0.0
2169	0.0
2170	0.0
2171	0.0
2172	0.0
2173	0.0
2174	0.0
2175	0.0
2176	0.0
2177	0.0
2178	0.0
2179	0.0
2180	0.0
2181	0.0
2182	0.0
2183	0.0
2184	0.0
2185	0.0
2186	0.0
2187	0.0
2188	0.0
2189	0.0
2190	0.0
2191	0.0
2192	0.0
2193	0.0
2194	0.0
2195	0.0
2196	0.0
2197	0.0
2198	0.0
2199	0.0
2200	0.0
2201	0.0
2202	0.0
2203	0.0
2204	0.0
2205	0.0
2206	0.0
2207	0.0
2208	0.0
2209	0.0
2210	0.0
2211	0.0
2212	0.0
2213	0.0
2214	0.0
2215	0.0
2216	0.0
2217	0.0
2218	0.0
2219	0.0
2220	0.0
2221	0.0
2222	0.0
2223	0.0
2224	0.0
2225	0.0
2226	0.0
2227	0.0
2228	0.0
2229	0.0
2230	0.0
2231	0.0
2232	0.0
2233	0.0
2234	0.0
2235	0.0
2236	0.0
2237	0.0
2238	0.0
2239	0.0
2240	0.0
2241	0.0
2242	0.0
2243	0.0
2244	0.0
2245	0.0
2246	0.0
2247	0.0
2248	0.0
2249	0.0
2250	0.0
2251	0.0
2252	0.0
2253	0.0
2254	0.0
2255	0.0
2256	0.0
2257	0.0
2258	0.0
2259	0.0
2260	0.0
2261	0.0
2262	0.0
2263	0.0
2264	0.0
2265	0.0
2266	0.0
2267	0.0
2268	0.0
2269	0.0
2270	0.0
2271	0.0
2272	0.0
2273	0.0
2274	0.0
2275	0.0
2276	0.0
2277	0.0
2278	0.0
2279	0.0
2280	0.0
2281	0.0
2282	0.0
2283	0.0
2284	0.0
2285	0.0
2286	0.0
2287	0.0
2288	0.0
2289	0.0
2290	0.0
2291	0.0
2292	0.0
2293	0.0
2294	0.0
2295	0.0
2296	0.0
2297	0.0
2298	0.0
2299	0.0
2300	0.0
2301	0.0
2302	0.0
2303	0.0
2304	0.0
2305	0.0
2306	0.0
2307	0.0
2308	0.0
2309	0.0
2310	0.0
2311	0.0
2312	0.0
2313	0.0
2314	0.0
2315	0.0
2316	0.0
2317	0.0
2318	0.0
2319	0.0
2320	0.0
2321	0.0
2322	0.0
2323	0.0
2324	0.0
2325	0.0
2326	0.0
2327	0.0
2328	0.0
2329	0.0
2330	0.0
2331	0.0
2332	0.0
2333	0.0
2334	0.0
2335	0.0
2336	0.0
2337	0.0
2338	0.0
2339	0.0
2340	0.0
2341	0.0
2342	0.0
2343	0.0
2344	0.0
2345	0.0
2346	0.0
2347	0.0
2348	0.0
2349	0.0
2350	0.0
2351	0.0
2352	0.0
2353	0.0
2354	0.0
2355	0.0
2356	0.0
2357	0.0
2358	0.0
2359	0.0
2360	0.0
2361	0.0
2362	0.0
2363	0.0
2364	0.0
2365	0.0
2366	0.0
2367	0.0
2368	0.0
2369	0.0
2370	0.0
2371	0.0
2372	0.0
2373	0.0
2374	0.0
2375	0.0
2376	0.0
2377	0.0
2378	0.0
2379	0.0
2380	0.0
2381	0.0
2382	0.0
2383	0.0
2384	0.0
2385	0.0
2386	0.0
2387	0.0
2388	0.0
2389	0.0
2390	0.0
2391	0.0
2392	0.0
2393	0.0
2394	0.0
2395	0.0
2396	0.0
2397	0.0
2398	0.0
2399	0.0
2400	0.0
2401	0.0
2402	0.0
2403	0.0
2404	0.0
2405	0.0
2406	0.0
2407	0.0
2408	0.0
2409	0.0
2410	0.0
2411	0.0
2412	0.0
2413	0.0
2414	0.0
2415	0.0
2416	0.0
2417	0.0
2418	0.0
2419	0.0
2420	0.0
2421	0.0
2422	0.0
2423	0.0
2424	0.0
2425	0.0
2426	0.0
2427	0.0
2428	0.0
2429	0.0
2430	0.0
2431	0.0
2432	0.0
2433	0.0
2434	0.0
2435	0.0
2436	0.0
2437	0.0
2438	0.0
2439	0.0
2440	0.0
2441	0.0
2442	0.0
2443	0.0
2444	0.0
2445	0.0
2446	0.0
2447	0.0
2448	0.0
2449	0.0
2450	0.0
2451	0.0
2452	0.0
2453	0.0
2454	0.0
2455	0.0
2456	0.0
2457	0.0
2458	0.0
2459	0.0
2460	0.0
2461	0.0
2462	0.0
2463	0.0
2464	0.0
2465	0.0
2466	0.0
2467	0.0
2468	0.0
2469	0.0
2470	0.0
2471	0.0
2472	0.0
2473	0.0
2474	0.0
2475	0.0
2476	0.0
2477	0.0
2478	0.0
2479	0.0
2480	0.0
2481	0.0
2482	0.0
2483	0.0
2484	0.0
2485	0.0
2486	0.0
2487	0.0
2488	0.0
2489	0.0
2490	0.0
2491	0.0
2492	0.0
2493	0.0
2494	0.0
2495	0.0
2496	0.0
2497	0.0
2498	0.0
2499	0.0
2500	0.0
2501	0.0
2502	0.0
2503	0.0
2504	0.0
2505	0.0
2506	0.0
2507	0.0
2508	0.0
2509	0.0
2510	0.0
2511	0.0
2512	0.0
2513	0.0
2514	0.0
2515	0.0
2516	0.0
2517	0.0
2518	0.0
2519	0.0
2520	0.0
2521	0.0
2522	0.0
2523	0.0
2524	0.0
2525	0.0
2526	0.0
2527	0.0
2528	0.0
2529	0.0
2530	0.0
2531	0.0
2532	0.0
2533	0.0
2534	0.0
2535	0.0
2536	0.0
2537	0.0
2538	0.0
2539	0.0
2540	0.0
2541	0.0
2542	0.0
2543	0.0
2544	0.0
2545	0.0
2546	0.0
2547	0.0
2548	0.0
2549	0.0
2550	0.0
2551	0.0
2552	0.0
2553	0.0
2554	0.0
2555	0.0
2556	0.0
2557	0.0
2558	0.0
2559	0.0
2560	0.0
2561	0.0
2562	0.0
2563	0.0
2564	0.0
2565	0.0
2566	0.0
2567	0.0
2568	0.0
2569	0.0
2570	0.0
2571	0.0
2572	0.0
2573	0.0
2574	0.0
2575	0.0
2576	0.0
2577	0.0
2578	0.0
2579	0.0
2580	0.0
2581	0.0
2582	0.0
2583	0.0
2584	0.0
2585	0.0
2586	0.0
2587	0.0
2588	0.0
2589	0.0
2590	0.0
2591	0.0
2592	0.0
2593	0.0
2594	0.0
2595	0.0
2596	0.0
2597	0.0
2598	0.0
2599	0.0
2600	0.0
2601	0.0
2602	0.0
2603	0.0
2604	0.0
2605	0.0
2606	0.0
2607	0.0
2608	0.0
2609	0.0
2610	0.0
2611	0.0
2612	0.0
2613	0.0
2614	0.0
2615	0.0
2616	0.0
2617	0.0
2618	0.0
2619	0.0
2620	0.0
2621	0.0
2622	0.0
2623	0.0
2624	0.0
2625	0.0
2626	0.0
2627	0.0
2628	0.0
2629	0.0
2630	0.0
2631	0.0
2632	0.0
2633	0.0
2634	0.0
2635	0.0
2636	0.0
2637	0.0
2638	0.0
2639	0.0
2640	0.0
2641	0.0
2642	0.0
2643	0.0
2644	0.0
2645	0.0
2646	0.0
2647	0.0
2648	0.0
2649	0.0
2650	0.0
2651	0.0
2652	0.0
2653	0.0
2654	0.0
2655	0.0
2656	0.0
2657	0.0
2658	0.0
2659	0.0
2660	0.0
2661	0.0
2662	0.0
2663	0.0
2664	0.0
2665	0.0
2666	0.0
2667	0.0
2668	0.0
2669	0.0
2670	0.0
2671	0.0
2672	0.0
2673	0.0
2674	0.0
2675	0.0
2676	0.0
2677	0.0
2678	0.0
2679	0.0
2680	0.0
2681	0.0
2682	0.0
2683	0.0
2684	0.0
2685	0.0
2686	0.0
2687	0.0
2688	0.0
2689	0.0
2690	0.0
2691	0.0
2692	0.0
2693	0.0
2694	0.0
2695	0.0
2696	0.0
2697	0.0
2698	0.0
2699	0.0
2700	0.0
2701	0.0
2702	0.0
2703	0.0
2704	0.0
2705	0.0
2706	0.0
2707	0.0
2708	0.0
2709	0.0
2710	0.0
2711	0.0
2712	0.0
2713	0.0
2714	0.0
2715	0.0
2716	0.0
2717	0.0
2718	0.0
2719	0.0
2720	0.0
2721	0.0
2722	0.0
2723	0.0
2724	0.0
2725	0.0
2726	0.0
2727	0.0
2728	0.0
2729	0.0
2730	0.0
2731	0.0
2732	0.0
2733	0.0
2734	0.0
2735	0.0
2736	0.0
2737	0.0
2738	0.0
2739	0.0
2740	0.0
2741	0.0
2742	0.0
2743	0.0
2744	0.0
2745	0.0
2746	0.0
2747	0.0
2748	0.0
2749	0.0
2750	0.0
2751	0.0
2752	0.0
2753	0.0
2754	0.0
2755	0.0
2756	0.0
2757	0.0
2758	0.0
2759	0.0
2760	0.0
2761	0.0
2762	0.0
2763	0.0
2764	0.0
2765	0.0
2766	0.0
2767	0.0
2768	0.0
2769	0.0
2770	0.0
2771	0.0
2772	0.0
2773	0.0
2774	0.0
2775	0.0
2776	0.0
2777	0.0
2778	0.0
2779	0.0
2780	0.0
2781	0.0
2782	0.0
2783	0.0
2784	0.0
2785	0.0
2786	0.0
2787	0.0
2788	0.0
2789	0.0
2790	0.0
2791	0.0
2792	0.0
2793	0.0
2794	0.0
2795	0.0
2796	0.0
2797	0.0
2798	0.0
2799	0.0
2800	0.0
2801	0.0
2802	0.0
2803	0.0
2804	0.0
2805	0.0
2806	0.0
2807	0.0
2808	0.0
2809	0.0
2810	0.0
2811	0.0
2812	0.0
2813	0.0
2814	0.0
2815	0.0
2816	0.0
2817	0.0
2818	0.0
2819	0.0
2820	0.0
2821	0.0
2822	0.0
2823	0.0
2824	0.0
2825	0.0
2826	0.0
2827	0.0
2828	0.0
2829	0.0
2830	0.0
2831	0.0
2832	0.0
2833	0.0
2834	0.0
2835	0.0
2836	0.0
2837	0.0
2838	0.0
2839	0.0
2840	0.0
2841	0.0
2842	0.0
2843	0.0
2844	0.0
2845	0.0
2846	0.0
2847	0.0
2848	0.0
2849	0.0
2850	0.0
2851	0.0
2852	0.0
2853	0.0
2854	0.0
2855	0.0
2856	0.0
2857	0.0
2858	0.0
2859	0.0
2860	0.0
2861	0.0
2862	0.0
2863	0.0
2864	0.0
2865	0.0
2866	0.0
2867	0.0
2868	0.0
2869	0.0
2870	0.0
2871	0.0
2872	0.0
2873	0.0
2874	0.0
2875	0.0
2876	0.0
2877	0.0
2878	0.0
2879	0.0
2880	0.0
2881	0.0
2882	0.0
2883	0.0
2884	0.0
2885	0.0
2886	0.0
2887	0.0
2888	0.0
2889	0.0
2890	0.0
2891	0.0
2892	0.0
2893	0.0
2894	0.0
2895	0.0
2896	0.0
2897	0.0
2898	0.0
2899	0.0
2900	0.0
2901	0.0
2902	0.0
2903	0.0
2904	0.0
2905	0.0
2906	0.0
2907	0.0
2908	0.0
2909	0.0
2910	0.0
2911	0.0
2912	0.0
2913	0.0
2914	0.0
2915	0.0
2916	0.0
2917	0.0
2918	0.0
2919	0.0
2920	0.0
2921	0.0
2922	0.0
2923	0.0
2924	0.0
2925	0.0
2926	0.0
2927	0.0
2928	0.0
2929	0.0
2930	0.0
2931	0.0
2932	0.0
2933	0.0
2934	0.0
2935	0.0
2936	0.0
2937	0.0
2938	0.0
2939	0.0
2940	0.0
2941	0.0
2942	0.0
2943	0.0
2944	0.0
2945	0.0
2946	0.0
2947	0.0
2948	0.0
2949	0.0
2950	0.0
2951	0.0
2952	0.0
2953	0.0
2954	0.0
2955	0.0
2956	0.0
2957	0.0
2958	0.0
2959	0.0
2960	0.0
2961	0.0
2962	0.0
2963	0.0
2964	0.0
2965	0.0
2966	0.0
2967	0.0
2968	0.0
2969	0.0
2970	0.0
2971	0.0
2972	0.0
2973	0.0
2974	0.0
2975	0.0
2976	0.0
2977	0.0
2978	0.0
2979	0.0
2980	0.0
2981	0.0
2982	0.0
2983	0.0
2984	0.0
2985	0.0
2986	0.0
2987	0.0
2988	0.0
2989	0.0
2990	0.0
2991	0.0
2992	0.0
2993	0.0
2994	0.0
2995	0.0
2996	0.0
2997	0.0
2998	0.0
2999	0.0
3000	0.0
3001	0.0
3002	0.0
3003	0.0
3004	0.0
3005	0.0
3006	0.0
3007	0.0
3008	0.0
3009	0.0
3010	0.0
3011	0.0
3012	0.0
3013	0.0
3014	0.0
3015	0.0
3016	0.0
3017	0.0
3018	0.0
3019	0.0
3020	0.0
3021	0.0
3022	0.0
3023	0.0
3024	0.0
3025	0.0
3026	0.0
3027	0.0
3028	0.0
3029	0.0
3030	0.0
3031	0.0
3032	0.0
3033	0.0
3034	0.0
3035	0.0
3036	0.0
3037	0.0
3038	0.0
3039	0.0
3040	0.0
3041	0.0
3042	0.0
3043	0.0
3044	0.0
3045	0.0
3046	0.0
3047	0.0
3048	0.0
3049	0.0
3050	0.0
3051	0.0
3052	0.0
3053	0.0
3054	0.0
3055	0.0
3056	0.0
3057	0.0
3058	0.0
3059	0.0
3060	0.0
3061	0.0
3062	0.0
3063	0.0
3064	0.0
3065	0.0
3066	0.0
3067	0.0
3068	0.0
3069	0.0
3070	0.0
3071	0.0
3072	0.0
3073	0.0
3074	0.0
3075	0.0
3076	0.0
3077	0.0
3078	0.0
3079	0.0
3080	0.0
3081	0.0
3082	0.0
3083	0.0
3084	0.0
3085	0.0
3086	0.0
3087	0.0
3088	0.0
3089	0.0
3090	0.0
3091	0.0
3092	0.0
3093	0.0
3094	0.0
3095	0.0
3096	0.0
3097	0.0
3098	0.0
3099	0.0
3100	0.0
3101	0.0
3102	0.0
3103	0.0
3104	0.0
3105	0.0
3106	0.0
3107	0.0
3108	0.0
3109	0.0
3110	0.0
3111	0.0
3112	0.0
3113	0.0
3114	0.0
3115	0.0
3116	0.0
3117	0.0
3118	0.0
3119	0.0
3120	0.0
3121	0.0
3122	0.0
3123	0.0
3124	0.0
3125	0.0
3126	0.0
3127	0.0
3128	0.0
3129	0.0
3130	0.0
3131	0.0
3132	0.0
3133	0.0
3134	0.0
3135	0.0
3136	0.0
3137	0.0
3138	0.0
3139	0.0
3140	0.0
3141	0.0
3142	0.0
3143	0.0
3144	0.0
3145	0.0
3146	0.0
3147	0.0
3148	0.0
3149	0.0
3150	0.0
3151	0.0
3152	0.0
3153	0.0
3154	0.0
3155	0.0
3156	0.0
3157	0.0
3158	0.0
3159	0.0
3160	0.0
3161	0.0
3162	0.0
3163	0.0
3164	0.0
3165	0.0
3166	0.0
3167	0.0
3168	0.0
3169	0.0
3170	0.0
3171	0.0
3172	0.0
3173	0.0
3174	0.0
3175	0.0
3176	0.0
3177	0.0
3178	0.0
3179	0.0
3180	0.0
3181	0.0
3182	0.0
3183	0.0
3184	0.0
3185	0.0
3186	0.0
3187	0.0
3188	0.0
3189	0.0
3190	0.0
3191	0.0
3192	0.0
3193	0.0
3194	0.0
3195	0.0
3196	0.0
3197	0.0
3198	0.0
3199	0.0
3200	0.0
3201	0.0
3202	0.0
3203	0.0
3204	0.0
3205	0.0
3206	0.0
3207	0.0
3208	0.0
3209	0.0
3210	0.0
3211	0.0
3212	0.0
3213	0.0
3214	0.0
3215	0.0
3216	0.0
3217	0.0
3218	0.0
3219	0.0
3220	0.0
3221	0.0
3222	0.0
3223	0.0
3224	0.0
3225	0.0
3226	0.0
3227	0.0
3228	0.0
3229	0.0
3230	0.0
3231	0.0
3232	0.0
3233	0.0
3234	0.0
3235	0.0
3236	0.0
3237	0.0
3238	0.0
3239	0.0
3240	0.0
3241	1265.2
3242	986.1
3243	690.3
3244	549.4
3245	526.0
3246	499.8
3247	597.0
3248	5792.8
3249	11102.6
3250	13712.0
3251	18145.5
3252	19779.3
3253	26723.8
3254	42084.5
3255	46415.5
3256	42891.1
3257	30079.3
3258	25160.7
3259	15436.3
3260	7080.2
3261	3464.7
3262	1821.7
3263	919.1
3264	552.1
3265	330.6
3266	187.4
3267	135.8
3268	102.6
3269	284.1
3270	3953.0
3271	7669.6
3272	22680.4
3273	37777.2
3274	48619.0
3275	50911.4
3276	40818.7
3277	44711.1
3278	47059.8
3279	44105.1
3280	49678.3
3281	46713.4
3282	37153.8
3283	21309.8
3284	11311.2
3285	6930.8
3286	4624.2
3287	2992.5
3288	2045.3
3289	1513.2
3290	1156.2
3291	1047.8
3292	1017.4
3293	1327.9
3294	1535.7
3295	3562.9
3296	13555.3
3297	27154.9
3298	39976.3
3299	45568.2
3300	38200.3
3301	42378.7
3302	56159.2
3303	60583.8
3304	61116.3
3305	50275.2
3306	41439.5
3307	26880.4
3308	15660.2
3309	10042.4
3310	7137.1
3311	4921.7
3312	3722.8
3313	3013.6
3314	2281.8
3315	1868.1
3316	1476.1
3317	1441.1
3318	2382.3
3319	5374.4
3320	9264.7
3321	11316.4
3322	10473.5
3323	9640.3
3324	8800.6
3325	9151.9
3326	9274.2
3327	9359.0
3328	8958.7
3329	8245.1
3330	5357.5
3331	2476.7
3332	1172.6
3333	730.5
3334	520.0
3335	344.2
3336	282.2
3337	266.6
3338	270.1
3339	277.0
3340	225.0
3341	242.1
3342	522.5
3343	1400.0
3344	4572.4
3345	9181.7
3346	11279.9
3347	11361.7
3348	11364.6
3349	10938.3
3350	12067.5
3351	12967.6
3352	11195.7
3353	8553.6
3354	4408.2
3355	2721.5
3356	1579.2
3357	835.3
3358	510.0
3359	396.9
3360	361.8
3361	331.2
3362	297.3
3363	292.4
3364	327.7
3365	2936.5
3366	5543.1
3367	11954.9
3368	30504.3
3369	44052.3
3370	50831.0
3371	57079.4
3372	44625.2
3373	44252.5
3374	51650.4
3375	50896.2
3376	56225.7
3377	48200.6
3378	48934.4
3379	29004.2
3380	19092.7
3381	13387.6
3382	9971.1
3383	7387.2
3384	5687.3
3385	4269.3
3386	3439.6
3387	2356.6
3388	1750.3
3389	1734.6
3390	1877.2
3391	2201.9
3392	7646.9
3393	11252.7
3394	12086.0
3395	9388.1
3396	8555.0
3397	15093.3
3398	29296.3
3399	37725.3
3400	42195.3
3401	33883.6
3402	24741.9
3403	13181.8
3404	6644.3
3405	3637.7
3406	2061.7
3407	1305.6
3408	953.8
3409	642.3
3410	467.1
3411	323.8
3412	221.3
3413	835.8
3414	4843.3
3415	6447.8
3416	12171.7
3417	20215.3
3418	27437.6
3419	33204.1
3420	29093.8
3421	32804.7
3422	46167.0
3423	51322.7
3424	52274.0
3425	42761.5
3426	34619.6
3427	21749.8
3428	11620.6
3429	6667.4
3430	3829.6
3431	2485.6
3432	1534.8
3433	1106.7
3434	853.2
3435	727.2
3436	572.0
3437	606.1
3438	824.4
3439	3289.5
3440	20250.2
3441	40589.3
3442	53390.6
3443	57267.5
3444	43643.9
3445	44141.7
3446	55891.0
3447	57386.3
3448	54804.7
3449	44567.4
3450	53098.1
3451	31915.9
3452	19476.2
3453	12618.7
3454	8660.8
3455	6088.4
3456	4291.2
3457	3282.0
3458	2356.9
3459	1661.7
3460	1281.2
3461	3563.6
3462	9065.7
3463	15043.7
3464	30190.6
3465	46890.1
3466	57002.4
3467	58279.6
3468	46465.1
3469	41429.0
3470	43948.1
3471	51427.3
3472	56779.2
3473	57129.7
3474	50993.2
3475	31720.0
3476	18892.4
3477	12420.9
3478	8632.7
3479	6351.3
3480	4789.3
3481	3898.9
3482	2854.3
3483	2385.3
3484	1842.9
3485	4368.7
3486	8508.0
3487	10956.4
3488	14011.3
3489	17942.1
3490	18975.7
3491	17768.5
3492	16667.4
3493	12628.5
3494	5514.7
3495	4176.5
3496	3244.0
3497	2222.2
3498	1564.0
3499	1202.8
3500	1035.4
3501	944.5
3502	787.7
3503	691.4
3504	461.4
3505	327.8
3506	258.5
3507	248.9
3508	255.8
3509	327.7
3510	534.4
3511	1936.9
3512	5544.6
3513	7470.6
3514	7160.3
3515	6843.5
3516	6963.4
3517	6939.1
3518	7221.6
3519	6597.2
3520	5253.0
3521	3851.3
3522	2497.7
3523	1483.8
3524	580.1
3525	279.9
3526	235.0
3527	203.9
3528	189.3
3529	186.7
3530	198.5
3531	194.8
3532	204.0
3533	2651.0
3534	4570.1
3535	5443.5
3536	10855.7
3537	16257.6
3538	17766.8
3539	23156.1
3540	16985.9
3541	13005.2
3542	13800.7
3543	17691.0
3544	27825.9
3545	28458.4
3546	25063.7
3547	15825.2
3548	8513.5
3549	3755.8
3550	1901.8
3551	1090.4
3552	750.4
3553	453.3
3554	285.9
3555	205.5
3556	142.8
3557	248.4
3558	1128.2
3559	640.3
3560	3823.4
3561	8454.1
3562	11733.7
3563	14846.8
3564	12304.7
3565	11907.0
3566	13129.6
3567	12783.9
3568	14922.3
3569	11535.3
3570	8203.5
3571	3272.3
3572	547.3
3573	242.1
3574	172.1
3575	136.9
3576	107.3
3577	84.5
3578	74.5
3579	66.3
3580	58.0
3581	42.7
3582	45.8
3583	74.8
3584	3050.9
3585	7940.0
3586	9388.5
3587	8148.0
3588	6966.2
3589	9180.1
3590	13138.7
3591	14385.8
3592	14846.6
3593	11282.0
3594	8007.2
3595	2881.2
3596	1282.2
3597	129.5
3598	103.2
3599	91.4
3600	82.7
3601	79.0
3602	76.7
3603	71.2
3604	64.4
3605	48.5
3606	69.4
3607	351.9
3608	5774.9
3609	11200.8
3610	16806.9
3611	19826.4
3612	13535.4
3613	16380.1
3614	30545.4
3615	39268.4
3616	44670.6
3617	30086.3
3618	19127.9
3619	8629.5
3620	4047.3
3621	1773.1
3622	808.5
3623	433.6
3624	298.7
3625	217.8
3626	167.6
3627	145.2
3628	133.0
3629	129.0
3630	267.2
3631	1821.1
3632	9684.6
3633	20599.0
3634	34174.3
3635	41218.1
3636	33540.2
3637	37584.6
3638	53027.1
3639	57290.8
3640	55886.5
3641	38470.4
3642	26225.7
3643	15517.2
3644	8547.1
3645	5100.9
3646	2579.3
3647	1377.1
3648	811.5
3649	509.1
3650	323.1
3651	249.8
3652	192.2
3653	244.5
3654	1380.2
3655	3183.7
3656	5977.1
3657	7553.7
3658	7251.0
3659	6917.1
3660	6343.4
3661	6698.9
3662	7305.7
3663	7328.2
3664	6860.0
3665	7528.7
3666	4188.5
3667	2333.0
3668	1202.0
3669	495.9
3670	345.4
3671	272.8
3672	216.4
3673	159.6
3674	122.5
3675	98.6
3676	83.4
3677	79.3
3678	80.5
3679	127.8
3680	499.8
3681	1025.0
3682	1079.3
3683	1012.3
3684	1405.0
3685	2488.4
3686	2577.1
3687	2317.9
3688	3269.7
3689	1710.2
3690	531.9
3691	146.7
3692	120.0
3693	104.2
3694	93.8
3695	88.6
3696	86.4
3697	88.8
3698	91.8
3699	92.8
3700	86.2
3701	210.3
3702	2907.2
3703	7094.5
3704	19406.2
3705	32352.8
3706	43751.4
3707	46376.7
3708	37393.0
3709	41207.8
3710	57891.1
3711	58924.7
3712	55172.8
3713	39006.3
3714	30448.5
3715	19216.5
3716	12594.7
3717	6667.1
3718	3253.5
3719	1567.2
3720	948.1
3721	624.0
3722	454.2
3723	342.1
3724	275.2
3725	1699.0
3726	6714.5
3727	13312.8
3728	31563.6
3729	48778.5
3730	57480.7
3731	57406.2
3732	46596.0
3733	49411.8
3734	62822.4
3735	66199.3
3736	52109.9
3737	36847.4
3738	44661.2
3739	27565.9
3740	18832.8
3741	11163.4
3742	7344.5
3743	4889.7
3744	3300.6
3745	2283.0
3746	1677.6
3747	1350.2
3748	1167.8
3749	3748.2
3750	8844.3
3751	11503.4
3752	21766.6
3753	35656.8
3754	47717.7
3755	49329.0
3756	39180.7
3757	44492.4
3758	57562.7
3759	62235.6
3760	64357.7
3761	55041.3
3762	48742.1
3763	30573.5
3764	20131.9
3765	12755.0
3766	8487.3
3767	5710.9
3768	3415.3
3769	2506.2
3770	1945.7
3771	1421.0
3772	890.3
3773	3053.7
3774	8058.5
3775	16622.0
3776	36417.5
3777	42819.3
3778	47488.7
3779	52325.8
3780	48623.6
3781	56571.8
3782	67655.8
3783	71367.1
3784	72403.2
3785	63838.5
3786	53622.1
3787	33035.4
3788	21690.7
3789	14715.2
3790	10793.4
3791	8157.7
3792	5911.9
3793	4233.9
3794	3318.3
3795	2646.1
3796	2289.9
3797	6030.5
3798	12219.0
3799	20281.3
3800	42839.9
3801	61501.9
3802	68194.4
3803	58793.2
3804	53060.3
3805	59777.6
3806	69939.9
3807	69185.9
3808	65419.5
3809	50982.9
3810	38438.6
3811	23315.6
3812	15628.6
3813	10769.3
3814	8364.1
3815	6172.4
3816	4751.5
3817	3730.4
3818	3023.5
3819	2582.1
3820	2281.4
3821	3080.2
3822	4970.0
3823	7270.3
3824	9576.3
3825	11358.3
3826	11512.5
3827	10691.9
3828	10532.1
3829	10239.5
3830	10236.3
3831	9999.6
3832	11360.4
3833	10607.7
3834	8188.8
3835	5084.8
3836	2454.2
3837	1121.7
3838	822.5
3839	609.0
3840	458.4
3841	424.7
3842	404.2
3843	277.9
3844	261.4
3845	826.9
3846	4011.1
3847	6274.2
3848	9797.9
3849	11875.0
3850	11188.0
3851	9598.3
3852	9331.0
3853	9235.6
3854	10248.3
3855	12737.2
3856	13952.0
3857	13886.2
3858	12238.6
3859	8979.2
3860	5432.0
3861	1524.1
3862	1127.4
3863	814.2
3864	674.5
3865	555.4
3866	377.1
3867	377.5
3868	464.1
3869	9406.2
3870	20069.6
3871	29566.7
3872	58720.1
3873	63550.9
3874	68058.6
3875	78046.0
3876	71507.3
3877	72969.3
3878	89046.4
3879	90000.0
3880	90000.0
3881	80528.8
3882	69578.4
3883	45544.3
3884	33557.9
3885	23117.6
3886	17298.9
3887	13497.4
3888	10546.0
3889	8306.6
3890	6984.1
3891	6177.0
3892	5179.6
3893	6916.8
3894	7690.9
3895	14799.1
3896	41927.2
3897	49456.6
3898	52013.8
3899	60414.7
3900	61768.4
3901	65858.5
3902	74916.3
3903	64928.1
3904	50453.6
3905	53158.3
3906	39770.6
3907	24846.6
3908	17867.3
3909	13291.6
3910	10240.6
3911	8143.6
3912	6613.8
3913	5486.8
3914	4695.2
3915	4152.6
3916	3511.4
3917	3974.1
3918	7180.8
3919	17286.0
3920	44294.7
3921	65999.1
3922	57354.4
3923	48382.5
3924	54317.1
3925	66169.1
3926	82236.3
3927	85446.6
3928	87424.8
3929	74232.7
3930	54745.8
3931	33095.2
3932	22036.3
3933	15590.8
3934	11894.0
3935	9525.6
3936	7926.3
3937	6600.3
3938	5700.3
3939	4829.2
3940	4040.1
3941	7105.7
3942	10774.5
3943	12142.8
3944	24006.1
3945	39374.7
3946	49611.2
3947	49702.0
3948	40439.6
3949	48486.2
3950	65770.7
3951	65864.8
3952	51127.7
3953	45818.6
3954	45615.5
3955	30352.7
3956	21885.5
3957	13281.7
3958	9184.7
3959	6700.8
3960	5315.7
3961	4322.5
3962	3375.6
3963	2803.7
3964	2386.1
3965	2276.2
3966	2740.2
3967	4151.1
3968	11614.0
3969	21598.0
3970	34506.0
3971	39532.4
3972	28592.7
3973	37088.8
3974	51034.4
3975	50671.8
3976	56775.1
3977	43783.4
3978	30809.9
3979	18201.5
3980	11401.1
3981	7092.9
3982	4628.5
3983	3222.1
3984	2415.3
3985	1805.1
3986	1398.2
3987	1034.0
3988	751.1
3989	751.2
3990	2107.1
3991	4843.5
3992	7150.2
3993	7180.0
3994	7800.6
3995	7614.8
3996	7103.8
3997	7803.5
3998	7720.5
3999	6395.9
4000	6368.6
4001	5234.7
4002	3758.8
4003	2182.4
4004	1388.6
4005	374.0
4006	210.5
4007	165.9
4008	136.2
4009	111.7
4010	97.2
4011	91.5
4012	86.7
4013	85.1
4014	102.0
4015	224.9
4016	944.9
4017	3222.9
4018	5812.9
4019	5760.1
4020	6419.3
4021	7305.9
4022	7657.2
4023	7578.5
4024	6359.4
4025	4505.5
4026	2535.1
4027	1302.8
4028	772.3
4029	279.1
4030	162.6
4031	137.8
4032	122.7
4033	96.6
4034	82.9
4035	75.2
4036	66.3
4037	123.0
4038	360.9
4039	946.7
4040	8603.1
4041	20126.9
4042	31391.1
4043	39256.2
4044	33893.3
4045	37807.8
4046	51915.2
4047	55904.9
4048	53107.1
4049	36168.5
4050	25360.6
4051	13372.4
4052	7321.5
4053	4024.5
4054	2443.3
4055	1626.9
4056	1173.5
4057	882.7
4058	667.7
4059	528.6
4060	430.7
4061	423.7
4062	604.7
4063	1929.0
4064	10232.3
4065	21091.1
4066	31328.9
4067	38369.1
4068	31091.7
4069	34955.4
4070	49176.3
4071	54101.3
4072	56842.0
4073	43723.7
4074	32017.3
4075	19311.3
4076	14056.8
4077	7312.3
4078	4183.2
4079	2552.8
4080	1659.3
4081	1152.6
4082	913.7
4083	749.5
4084	631.4
4085	635.5
4086	569.8
4087	893.3
4088	6294.3
4089	11641.8
4090	15432.0
4091	19983.5
4092	15431.4
4093	17715.4
4094	28911.2
4095	29666.6
4096	25311.6
4097	15673.5
4098	10930.0
4099	4671.7
4100	1685.7
4101	536.2
4102	306.3
4103	214.5
4104	138.2
4105	101.5
4106	84.8
4107	75.9
4108	65.0
4109	312.1
4110	864.0
4111	3646.7
4112	17653.7
4113	31738.8
4114	39302.0
4115	42352.2
4116	35196.7
4117	41641.9
4118	55695.2
4119	52775.5
4120	47151.1
4121	33531.1
4122	24181.9
4123	12036.0
4124	6837.9
4125	3849.2
4126	2224.3
4127	1341.1
4128	919.1
4129	662.2
4130	468.0
4131	334.8
4132	268.1
4133	312.7
4134	484.1
4135	1113.6
4136	8054.4
4137	12607.3
4138	17429.8
4139	20026.8
4140	13567.5
4141	15376.2
4142	25121.6
4143	27249.7
4144	26317.2
4145	17847.8
4146	15619.3
4147	9515.4
4148	3972.7
4149	1330.7
4150	389.5
4151	163.9
4152	110.7
4153	90.5
4154	80.7
4155	76.0
4156	77.0
4157	82.3
4158	104.2
4159	233.1
4160	746.2
4161	1103.4
4162	976.1
4163	1098.2
4164	1117.1
4165	958.1
4166	1018.6
4167	1791.2
4168	1664.4
4169	1262.6
4170	721.3
4171	415.3
4172	216.1
4173	138.6
4174	126.2
4175	112.7
4176	97.2
4177	85.0
4178	80.1
4179	76.0
4180	69.9
4181	70.8
4182	642.1
4183	3900.7
4184	7434.5
4185	8568.9
4186	7644.6
4187	6300.4
4188	6017.5
4189	6306.8
4190	6838.1
4191	7137.6
4192	7115.3
4193	5668.4
4194	3566.9
4195	2247.0
4196	1329.5
4197	363.8
4198	191.9
4199	160.9
4200	135.1
4201	110.1
4202	91.9
4203	78.1
4204	72.9
4205	2607.0
4206	7321.8
4207	13098.8
4208	27408.9
4209	42455.0
4210	51731.9
4211	52845.6
4212	42624.3
4213	45253.8
4214	60184.2
4215	61973.8
4216	63264.7
4217	51881.0
4218	38006.4
4219	23695.8
4220	17317.7
4221	10268.4
4222	6518.0
4223	4151.9
4224	2714.0
4225	1787.1
4226	1217.4
4227	893.6
4228	617.9
4229	2732.7
4230	7641.2
4231	13619.4
4232	28722.0
4233	43699.8
4234	54227.0
4235	55845.4
4236	45073.8
4237	47756.2
4238	49973.9
4239	46200.3
4240	49299.1
4241	46797.1
4242	42691.0
4243	25526.4
4244	16256.0
4245	10026.7
4246	6545.2
4247	4152.3
4248	2432.4
4249	1665.7
4250	1343.9
4251	1048.5
4252	896.6
4253	4529.8
4254	10683.8
4255	20254.0
4256	44070.0
4257	54029.5
4258	62488.9
4259	72515.2
4260	66726.5
4261	68504.9
4262	85758.2
4263	90000.0
4264	90000.0
4265	79368.9
4266	67561.6
4267	43727.0
4268	32087.3
4269	22121.5
4270	16255.0
4271	12664.0
4272	10438.8
4273	8764.8
4274	7581.5
4275	6482.5
4276	5246.4
4277	8601.6
4278	15946.0
4279	14978.2
4280	36312.1
4281	58812.8
4282	60821.5
4283	57512.2
4284	44697.5
4285	47179.6
4286	49110.4
4287	46627.1
4288	45237.3
4289	36906.1
4290	35739.9
4291	23142.9
4292	14989.2
4293	10066.6
4294	7497.1
4295	5814.6
4296	4671.5
4297	3800.1
4298	3205.7
4299	2731.9
4300	2224.2
4301	2473.3
4302	4378.9
4303	7465.2
4304	28418.7
4305	55398.9
4306	65869.1
4307	66476.1
4308	51729.6
4309	52825.7
4310	64285.4
4311	66333.0
4312	58125.4
4313	47977.1
4314	40998.0
4315	25450.7
4316	17946.8
4317	11782.1
4318	8258.1
4319	6039.9
4320	4680.1
4321	3477.8
4322	2931.7
4323	2554.9
4324	2120.0
4325	2705.9
4326	6912.5
4327	10053.3
4328	12177.9
4329	15423.5
4330	16029.2
4331	14861.9
4332	14555.9
4333	13928.8
4334	14178.1
4335	14197.0
4336	14488.9
4337	13930.7
4338	11651.0
4339	8743.4
4340	6153.5
4341	1498.2
4342	706.5
4343	475.2
4344	401.5
4345	375.4
4346	425.7
4347	521.3
4348	613.5
4349	762.3
4350	1019.0
4351	1616.0
4352	3250.7
4353	5501.2
4354	7300.8
4355	7262.3
4356	7337.3
4357	6722.7
4358	5858.6
4359	5621.0
4360	4431.0
4361	3564.5
4362	2636.7
4363	1926.8
4364	1282.1
4365	723.1
4366	505.8
4367	394.4
4368	362.6
4369	332.9
4370	341.4
4371	320.8
4372	361.7
4373	3804.7
4374	4181.0
4375	5401.9
4376	15318.0
4377	25843.2
4378	31317.5
4379	34671.8
4380	31229.2
4381	36604.6
4382	49182.1
4383	48174.5
4384	44114.5
4385	33065.0
4386	29762.6
4387	18994.1
4388	12368.2
4389	7423.5
4390	4827.8
4391	3273.0
4392	2205.5
4393	1528.8
4394	1066.4
4395	748.5
4396	593.4
4397	2544.4
4398	7905.6
4399	12410.8
4400	26161.2
4401	42244.1
4402	46735.8
4403	45404.6
4404	37274.3
4405	43040.0
4406	60408.5
4407	65003.6
4408	67112.0
4409	55665.7
4410	48868.7
4411	31353.0
4412	22559.9
4413	13855.5
4414	9367.9
4415	6662.8
4416	4957.9
4417	3710.5
4418	2758.6
4419	1932.9
4420	1308.3
4421	2016.1
4422	4749.1
4423	12784.9
4424	39235.1
4425	46367.6
4426	50305.2
4427	59326.0
4428	62197.6
4429	64023.3
4430	71796.8
4431	68025.5
4432	66326.4
4433	57926.6
4434	50201.7
4435	31664.0
4436	21229.5
4437	14070.6
4438	10005.2
4439	7590.9
4440	5835.1
4441	4578.8
4442	3674.2
4443	2620.5
4444	2060.9
4445	5263.1
4446	13872.3
4447	22424.6
4448	35199.0
4449	48740.2
4450	66292.7
4451	75494.8
4452	66408.5
4453	69524.5
4454	87594.1
4455	90000.0
4456	90000.0
4457	76212.4
4458	66562.9
4459	43006.1
4460	32002.3
4461	22019.4
4462	16023.6
4463	12311.4
4464	9358.3
4465	7936.6
4466	6409.8
4467	4811.6
4468	3888.5
4469	7512.2
4470	16823.6
4471	22114.9
4472	48453.0
4473	73136.0
4474	83119.3
4475	85102.3
4476	72882.1
4477	75896.0
4478	90000.0
4479	90000.0
4480	90000.0
4481	85450.4
4482	72868.0
4483	47432.4
4484	35104.0
4485	24462.4
4486	18507.6
4487	14533.2
4488	11928.2
4489	9936.0
4490	8830.0
4491	7858.2
4492	6817.6
4493	6430.1
4494	8415.0
4495	10995.8
4496	12616.2
4497	12348.3
4498	13580.8
4499	15077.3
4500	15340.4
4501	14791.3
4502	15099.0
4503	15548.8
4504	15825.4
4505	15356.7
4506	12839.8
4507	9042.7
4508	5576.0
4509	1679.4
4510	927.2
4511	723.3
4512	632.4
4513	584.1
4514	670.3
4515	772.9
4516	805.3
4517	985.0
4518	1460.3
4519	2673.8
4520	3606.4
4521	4847.2
4522	6145.8
4523	5445.1
4524	4254.5
4525	4862.2
4526	4912.3
4527	3729.8
4528	3542.5
4529	2861.6
4530	2494.9
4531	2129.1
4532	1259.1
4533	871.7
4534	711.8
4535	689.1
4536	658.8
4537	681.8
4538	697.3
4539	691.4
4540	771.1
4541	4306.2
4542	3671.5
4543	3893.8
4544	13446.1
4545	28640.2
4546	37671.9
4547	36422.9
4548	26179.0
4549	25638.8
4550	34671.0
4551	37969.3
4552	36627.0
4553	25334.4
4554	20139.1
4555	11366.6
4556	6869.4
4557	4390.9
4558	2970.4
4559	2153.8
4560	1724.5
4561	1429.4
4562	1234.4
4563	1058.2
4564	908.8
4565	1124.0
4566	1537.3
4567	5654.9
4568	27166.8
4569	53778.3
4570	63396.4
4571	63849.2
4572	53181.7
4573	49668.4
4574	57229.8
4575	61449.0
4576	63092.5
4577	58522.9
4578	50145.3
4579	30747.2
4580	20887.5
4581	12832.8
4582	8962.3
4583	6413.4
4584	4853.0
4585	3692.3
4586	3182.3
4587	3145.3
4588	2717.4
4589	3531.5
4590	3354.3
4591	5564.4
4592	22356.0
4593	41469.3
4594	46523.9
4595	49947.8
4596	35483.5
4597	33708.9
4598	48494.1
4599	47986.6
4600	51544.3
4601	49080.4
4602	47296.6
4603	30530.6
4604	20729.6
4605	12552.7
4606	8333.4
4607	6131.5
4608	4689.1
4609	3341.4
4610	2436.5
4611	2020.1
4612	1624.6
4613	1610.2
4614	2545.4
4615	6868.8
4616	23833.6
4617	48744.6
4618	59782.1
4619	60936.5
4620	50124.6
4621	54698.4
4622	48908.4
4623	39182.1
4624	42604.3
4625	62993.0
4626	56389.2
4627	35597.3
4628	24660.6
4629	15777.4
4630	10949.1
4631	8074.0
4632	6272.8
4633	4665.4
4634	3653.3
4635	3036.2
4636	2757.7
4637	2776.2
4638	2681.4
4639	4637.9
4640	15231.6
4641	32611.7
4642	49623.6
4643	55269.9
4644	46264.8
4645	47272.9
4646	52129.7
4647	50674.3
4648	52979.6
4649	46814.8
4650	43832.4
4651	27357.6
4652	19796.5
4653	11451.0
4654	7398.7
4655	5045.2
4656	3740.0
4657	2865.0
4658	2250.2
4659	1983.7
4660	1716.2
4661	1733.9
4662	2409.2
4663	4900.5
4664	6830.5
4665	6445.1
4666	8730.5
4667	9840.5
4668	9823.2
4669	11612.3
4670	12310.9
4671	11754.0
4672	8823.8
4673	5976.5
4674	5664.1
4675	4195.3
4676	2191.2
4677	1187.5
4678	883.0
4679	670.9
4680	573.2
4681	691.6
4682	428.6
4683	427.6
4684	524.3
4685	2769.8
4686	5965.6
4687	7062.2
4688	6498.0
4689	4831.4
4690	4082.9
4691	4639.8
4692	4607.6
4693	5802.4
4694	5615.8
4695	4831.2
4696	3804.9
4697	2809.5
4698	1753.9
4699	1302.5
4700	397.7
4701	185.8
4702	151.8
4703	143.9
4704	138.4
4705	140.0
4706	139.4
4707	142.4
4708	155.8
4709	2516.4
4710	2088.4
4711	2695.9
4712	10149.3
4713	15915.6
4714	18531.3
4715	19369.0
4716	15722.1
4717	15539.9
4718	16033.3
4719	15321.9
4720	14863.7
4721	11876.9
4722	9398.4
4723	3423.9
4724	1113.7
4725	592.1
4726	399.4
4727	296.9
4728	231.4
4729	177.9
4730	147.3
4731	119.3
4732	107.1
4733	153.0
4734	209.3
4735	222.8
4736	4376.2
4737	9670.6
4738	13568.4
4739	18483.9
4740	16563.3
4741	20292.7
4742	31098.6
4743	34901.3
4744	35408.9
4745	24578.2
4746	17351.8
4747	9090.6
4748	4412.4
4749	1745.2
4750	767.6
4751	493.5
4752	380.3
4753	338.9
4754	303.7
4755	259.6
4756	199.5
4757	404.6
4758	2802.5
4759	8418.9
4760	28537.8
4761	40492.1
4762	52770.7
4763	64727.3
4764	60210.2
4765	64087.6
4766	82238.8
4767	86522.8
4768	89537.9
4769	77418.9
4770	64463.5
4771	39826.3
4772	26964.0
4773	19735.5
4774	14604.0
4775	11503.3
4776	8840.4
4777	7809.6
4778	6463.1
4779	5259.0
4780	4091.1
4781	5229.6
4782	12797.9
4783	19592.0
4784	38024.4
4785	55515.7
4786	67622.2
4787	73520.1
4788	67976.6
4789	72074.9
4790	90000.0
4791	90000.0
4792	90000.0
4793	83901.2
4794	66970.9
4795	41892.6
4796	29344.4
4797	22176.3
4798	16964.5
4799	12323.8
4800	9457.2
4801	7781.3
4802	6576.7
4803	5771.1
4804	5021.4
4805	5301.6
4806	9962.0
4807	18269.7
4808	42109.9
4809	57062.9
4810	48468.1
4811	42553.6
4812	51616.4
4813	49529.7
4814	43384.5
4815	46684.8
4816	61279.5
4817	63973.6
4818	53268.2
4819	33525.1
4820	22329.8
4821	14818.0
4822	10873.7
4823	8189.6
4824	6399.0
4825	5226.7
4826	4111.8
4827	3473.6
4828	2599.1
4829	3880.9
4830	8232.6
4831	9476.1
4832	11692.6
4833	17083.9
4834	18522.6
4835	16802.4
4836	16083.6
4837	16081.0
4838	16533.7
4839	16637.9
4840	16719.4
4841	15158.9
4842	11067.5
4843	6435.6
4844	1166.1
4845	765.3
4846	592.3
4847	528.6
4848	524.0
4849	586.4
4850	720.1
4851	992.4
4852	1112.9
4853	2243.3
4854	4119.6
4855	4685.1
4856	8131.1
4857	11102.1
4858	11853.9
4859	12992.3
4860	13531.8
4861	14031.7
4862	14349.4
4863	14617.0
4864	14955.2
4865	14421.2
4866	12192.9
4867	8861.4
4868	3407.3
4869	1264.3
4870	1049.2
4871	870.6
4872	745.7
4873	704.2
4874	781.0
4875	689.5
4876	1085.2
4877	12703.3
4878	11718.9
4879	14321.4
4880	38018.5
4881	45450.0
4882	46682.2
4883	48511.4
4884	36927.9
4885	37691.1
4886	51134.5
4887	50797.4
4888	47066.1
4889	34814.1
4890	31216.9
4891	20311.4
4892	13502.8
4893	9313.2
4894	6958.6
4895	5395.0
4896	4234.6
4897	3382.5
4898	2816.2
4899	2269.0
4900	1774.2
4901	1943.7
4902	2733.3
4903	7469.2
4904	27126.9
4905	56545.5
4906	54970.1
4907	58496.6
4908	62553.6
4909	68236.5
4910	87403.7
4911	90000.0
4912	90000.0
4913	80608.5
4914	69688.3
4915	45466.1
4916	30950.2
4917	21470.0
4918	15790.8
4919	12362.3
4920	9805.9
4921	8213.0
4922	6874.7
4923	5779.2
4924	5088.2
4925	6166.1
4926	9482.9
4927	10514.0
4928	26010.5
4929	42503.0
4930	47871.4
4931	51856.1
4932	38994.2
4933	39807.0
4934	53270.0
4935	53338.9
4936	55726.9
4937	41606.3
4938	34544.5
4939	21487.6
4940	14114.9
4941	9834.6
4942	7088.8
4943	5280.2
4944	3836.8
4945	2632.9
4946	1908.2
4947	1401.6
4948	1267.3
4949	1716.2
4950	6408.8
4951	13879.5
4952	34517.0
4953	55689.7
4954	64290.6
4955	64641.3
4956	53946.6
4957	57689.2
4958	54790.8
4959	47138.3
4960	48310.3
4961	41084.3
4962	54578.6
4963	33574.5
4964	21516.2
4965	14739.6
4966	10462.2
4967	7275.7
4968	5359.2
4969	3989.5
4970	3154.0
4971	2298.7
4972	1825.5
4973	1729.5
4974	1622.9
4975	3247.3
4976	12503.3
4977	27358.5
4978	40712.0
4979	43140.9
4980	32489.7
4981	39126.1
4982	50043.9
4983	46080.2
4984	37679.9
4985	23814.0
4986	16051.9
4987	8641.3
4988	4973.1
4989	3078.6
4990	2122.9
4991	1655.8
4992	1342.4
4993	1045.8
4994	857.7
4995	713.5
4996	558.0
4997	609.0
4998	2509.9
4999	3479.6
5000	3730.2
5001	4969.7
5002	5528.0
5003	5848.5
5004	4225.1
5005	4493.7
5006	4412.0
5007	2714.5
5008	3022.4
5009	3255.6
5010	2557.2
5011	1663.2
5012	383.3
5013	161.1
5014	139.2
5015	130.4
5016	117.6
5017	100.8
5018	83.3
5019	73.2
5020	70.5
5021	101.9
5022	3488.1
5023	5250.4
5024	6629.0
5025	8295.2
5026	7597.4
5027	7187.4
5028	7705.1
5029	7684.9
5030	6844.6
5031	6430.2
5032	6501.3
5033	6058.5
5034	3715.5
5035	2418.7
5036	824.1
5037	307.8
5038	193.0
5039	149.9
5040	128.3
5041	110.3
5042	99.4
5043	88.4
5044	85.8
5045	2404.2
5046	9635.1
5047	15507.4
5048	33076.5
5049	52785.1
5050	61070.6
5051	60125.4
5052	47598.2
5053	43698.4
5054	45301.1
5055	53404.6
5056	59758.1
5057	56545.0
5058	47426.9
5059	28851.7
5060	17690.2
5061	11520.2
5062	8049.2
5063	4916.8
5064	3194.5
5065	2443.5
5066	1782.7
5067	1360.4
5068	998.7
5069	2444.1
5070	9701.3
5071	17156.1
5072	37959.1
5073	52281.6
5074	61583.8
5075	70379.2
5076	63780.6
5077	65660.7
5078	81577.8
5079	86070.2
5080	86571.7
5081	75630.6
5082	65769.1
5083	42515.4
5084	28389.4
5085	20111.5
5086	14513.6
5087	10655.0
5088	8079.5
5089	5989.7
5090	4742.4
5091	3585.8
5092	2914.8
5093	4092.0
5094	11988.5
5095	19250.6
5096	33364.7
5097	57367.9
5098	78170.4
5099	84030.2
5100	74064.7
5101	76913.1
5102	90000.0
5103	90000.0
5104	90000.0
5105	76504.8
5106	63859.2
5107	41487.2
5108	28564.4
5109	20637.1
5110	15444.4
5111	12251.3
5112	9835.6
5113	7991.4
5114	6717.6
5115	5740.7
5116	4753.8
5117	4856.8
5118	5778.9
5119	9187.9
5120	24310.6
5121	47301.5
5122	60298.1
5123	64099.2
5124	52712.7
5125	58259.6
5126	72038.3
5127	78548.8
5128	65549.5
5129	52616.4
5130	44361.0
5131	28781.1
5132	18233.8
5133	12665.4
5134	9335.2
5135	7140.3
5136	5320.2
5137	4239.7
5138	3465.2
5139	2694.2
5140	2117.5
5141	2604.5
5142	7051.8
5143	15990.2
5144	38869.6
5145	62404.5
5146	53949.9
5147	50163.6
5148	57652.6
5149	59574.6
5150	69371.6
5151	64897.2
5152	61508.5
5153	59603.8
5154	50624.1
5155	32956.9
5156	20394.1
5157	14315.3
5158	10929.3
5159	8705.2
5160	6994.6
5161	5573.0
5162	4243.2
5163	3214.2
5164	2630.0
5165	2699.0
5166	5861.9
5167	8246.8
5168	9947.1
5169	12961.3
5170	14435.8
5171	14459.5
5172	14037.9
5173	14271.3
5174	13928.3
5175	14164.7
5176	13763.2
5177	13439.6
5178	11545.1
5179	9559.5
5180	2567.9
5181	1196.2
5182	899.9
5183	709.7
5184	623.1
5185	581.8
5186	599.9
5187	643.7
5188	732.2
5189	877.9
5190	1388.1
5191	3044.5
5192	3411.2
5193	3198.2
5194	3417.5
5195	4055.7
5196	5456.9
5197	5520.5
5198	4589.4
5199	4259.0
5200	5100.9
5201	5192.4
5202	3753.3
5203	1920.6
5204	889.5
5205	474.5
5206	355.7
5207	309.7
5208	290.5
5209	290.9
5210	304.0
5211	300.2
5212	347.1
5213	4039.9
5214	11452.4
5215	19313.7
5216	44086.8
5217	63656.3
5218	70142.8
5219	51923.4
5220	40797.8
5221	49834.7
5222	61577.0
5223	57037.0
5224	48122.0
5225	38154.4
5226	50220.2
5227	29763.2
5228	20587.3
5229	15243.9
5230	11767.8
5231	9505.8
5232	7716.2
5233	6305.0
5234	5192.8
5235	4341.3
5236	3679.6
5237	4762.3
5238	4254.4
5239	5931.0
5240	22295.6
5241	51176.5
5242	65489.7
5243	67810.9
5244	53679.4
5245	51187.3
5246	62152.0
5247	59521.9
5248	58097.6
5249	42423.7
5250	32660.9
5251	19260.7
5252	13356.2
5253	9832.3
5254	7690.8
5255	6037.7
5256	4918.8
5257	3995.3
5258	3320.8
5259	2827.0
5260	2409.1
5261	2730.1
5262	3834.9
5263	6975.7
5264	18857.9
5265	34808.2
5266	45042.5
5267	52915.3
5268	45269.7
5269	50610.0
5270	67478.3
5271	55506.6
5272	48430.4
5273	40557.6
5274	48316.9
5275	28842.0
5276	18047.7
5277	12071.4
5278	8530.2
5279	6365.3
5280	4999.8
5281	3866.2
5282	3193.3
5283	2742.8
5284	2327.9
5285	2725.5
5286	6014.7
5287	10147.8
5288	21088.4
5289	41769.1
5290	56542.8
5291	48345.8
5292	41946.1
5293	46825.7
5294	57999.5
5295	62982.0
5296	59132.6
5297	43892.3
5298	48737.9
5299	29884.9
5300	19200.3
5301	13483.2
5302	9985.2
5303	7577.7
5304	6073.9
5305	4635.4
5306	3590.4
5307	2716.1
5308	2136.9
5309	2422.8
5310	6269.8
5311	13446.5
5312	37162.4
5313	49204.9
5314	59215.5
5315	64514.8
5316	63153.4
5317	65947.2
5318	78048.0
5319	83189.0
5320	82499.5
5321	68848.0
5322	54860.1
5323	35253.1
5324	22960.6
5325	16250.3
5326	12253.0
5327	9472.0
5328	7792.3
5329	6283.8
5330	5179.3
5331	4275.2
5332	3772.6
5333	3949.5
5334	7992.4
5335	9141.3
5336	9947.2
5337	9655.6
5338	11387.6
5339	13332.2
5340	13876.8
5341	12804.4
5342	10134.8
5343	9768.1
5344	8699.8
5345	6089.8
5346	4328.3
5347	2312.0
5348	1163.5
5349	839.3
5350	862.2
5351	892.4
5352	908.7
5353	982.0
5354	1025.3
5355	1038.4
5356	1106.3
5357	1204.2
5358	1309.7
5359	1482.6
5360	1901.6
5361	2448.0
5362	2673.7
5363	2370.6
5364	2497.8
5365	2435.1
5366	2261.1
5367	1720.7
5368	1389.5
5369	1271.1
5370	1092.3
5371	743.6
5372	522.1
5373	492.7
5374	473.1
5375	483.9
5376	501.6
5377	458.5
5378	379.3
5379	323.6
5380	338.5
5381	1456.3
5382	1333.0
5383	2028.1
5384	11904.6
5385	22951.8
5386	28191.7
5387	30611.2
5388	21818.9
5389	23865.5
5390	32819.0
5391	32839.3
5392	30484.9
5393	20180.3
5394	13998.2
5395	6860.5
5396	3662.6
5397	2134.9
5398	1374.3
5399	1059.6
5400	801.6
5401	637.9
5402	514.8
5403	346.3
5404	273.8
5405	300.6
5406	397.5
5407	1301.9
5408	10219.5
5409	22324.8
5410	30377.7
5411	31770.2
5412	23974.1
5413	28853.8
5414	40598.9
5415	39338.2
5416	39020.3
5417	27991.5
5418	22266.7
5419	11353.6
5420	6572.2
5421	4206.7
5422	2877.4
5423	1983.2
5424	1359.4
5425	1006.2
5426	747.7
5427	557.1
5428	435.9
5429	380.9
5430	392.2
5431	1241.8
5432	9514.7
5433	21372.9
5434	38073.6
5435	47927.3
5436	40520.5
5437	43090.1
5438	51760.0
5439	48601.5
5440	51858.1
5441	38439.6
5442	31555.5
5443	18463.3
5444	10106.3
5445	6189.2
5446	4108.8
5447	2764.7
5448	1925.0
5449	1323.6
5450	986.6
5451	687.9
5452	548.0
5453	394.1
5454	2533.4
5455	8794.0
5456	26337.6
5457	47693.6
5458	61235.4
5459	48405.7
5460	36863.4
5461	43478.8
5462	58148.8
5463	64531.3
5464	64408.0
5465	56917.7
5466	44740.1
5467	26961.0
5468	15728.9
5469	10419.9
5470	7085.7
5471	4961.6
5472	3456.4
5473	2709.8
5474	2118.2
5475	1699.8
5476	1393.2
5477	1192.9
5478	4033.4
5479	13659.9
5480	36197.5
5481	46458.6
5482	51895.1
5483	64150.2
5484	63711.8
5485	66254.1
5486	82375.4
5487	86934.1
5488	87089.4
5489	72381.1
5490	57334.2
5491	36929.4
5492	23923.6
5493	17270.5
5494	13215.8
5495	11049.4
5496	9374.4
5497	7612.6
5498	6367.1
5499	5471.7
5500	4790.6
5501	4201.1
5502	4280.5
5503	6992.3
5504	9913.4
5505	13345.2
5506	14620.5
5507	13735.6
5508	14187.9
5509	13191.0
5510	10895.6
5511	8891.8
5512	6812.6
5513	5604.4
5514	4341.1
5515	2390.6
5516	1460.1
5517	1128.2
5518	903.8
5519	870.4
5520	848.3
5521	841.5
5522	775.3
5523	768.2
5524	823.6
5525	907.6
5526	1162.6
5527	2253.9
5528	4356.0
5529	5310.2
5530	7503.5
5531	11331.3
5532	13927.2
5533	14557.7
5534	15223.1
5535	15447.5
5536	15447.3
5537	14175.5
5538	10824.4
5539	7811.4
5540	2465.0
5541	1233.1
5542	836.3
5543	579.3
5544	550.0
5545	444.6
5546	641.6
5547	933.3
5548	1381.5
5549	9813.1
5550	7936.8
5551	11484.0
5552	35863.0
5553	46913.8
5554	58875.7
5555	64421.1
5556	56265.8
5557	47520.6
5558	50313.2
5559	45617.9
5560	65186.1
5561	51241.2
5562	38125.3
5563	23839.0
5564	17110.6
5565	13075.4
5566	10122.7
5567	8177.1
5568	6842.6
5569	5847.4
5570	4931.7
5571	4191.8
5572	3799.5
5573	3965.2
5574	3602.2
5575	4568.9
5576	16492.3
5577	35743.9
5578	44164.7
5579	41132.9
5580	30125.1
5581	34222.0
5582	45850.1
5583	49731.0
5584	53717.5
5585	43783.1
5586	54542.7
5587	33119.0
5588	20513.5
5589	14045.4
5590	10320.6
5591	7745.9
5592	5662.3
5593	4169.9
5594	2990.7
5595	2405.7
5596	1734.4
5597	1726.6
5598	1852.1
5599	2929.4
5600	12803.0
5601	33759.0
5602	48385.2
5603	49676.4
5604	40013.3
5605	43297.4
5606	60069.8
5607	64131.8
5608	53475.4
5609	37241.1
5610	27976.5
5611	16005.1
5612	10055.4
5613	6813.8
5614	4679.2
5615	3172.0
5616	2301.3
5617	1771.7
5618	1353.9
5619	1050.4
5620	825.5
5621	666.3
5622	1252.0
5623	5027.2
5624	12241.0
5625	23251.0
5626	36012.1
5627	42912.5
5628	36203.9
5629	42149.1
5630	56503.3
5631	60002.7
5632	56900.6
5633	44299.7
5634	35147.2
5635	22032.1
5636	11870.1
5637	7063.9
5638	4596.7
5639	2810.6
5640	1744.7
5641	1067.8
5642	717.8
5643	513.9
5644	360.6
5645	266.0
5646	1630.0
5647	7383.8
5648	22494.1
5649	40760.8
5650	54798.6
5651	55941.0
5652	44306.0
5653	44965.0
5654	54790.5
5655	58358.0
5656	61791.8
5657	51367.6
5658	39075.2
5659	23040.0
5660	13754.9
5661	9103.4
5662	6550.0
5663	5161.5
5664	4018.9
5665	2886.0
5666	2269.4
5667	1637.7
5668	1278.7
5669	885.4
5670	2764.6
5671	7452.0
5672	6695.5
5673	5669.8
5674	6118.4
5675	6291.6
5676	4277.0
5677	2276.4
5678	1679.8
5679	1293.4
5680	1332.2
5681	786.2
5682	963.4
5683	887.7
5684	245.6
5685	182.7
5686	180.4
5687	158.9
5688	139.8
5689	136.1
5690	133.8
5691	133.2
5692	134.9
5693	126.9
5694	1674.9
5695	6009.1
5696	8118.8
5697	10587.2
5698	10321.1
5699	8289.2
5700	6169.2
5701	4058.0
5702	3500.0
5703	4649.1
5704	5329.5
5705	3325.1
5706	2543.3
5707	1126.0
5708	282.6
5709	163.1
5710	137.1
5711	137.0
5712	163.2
5713	229.0
5714	329.4
5715	439.6
5716	498.1
5717	3119.1
5718	3504.8
5719	13461.1
5720	26762.0
5721	47318.9
5722	61523.5
5723	60953.3
5724	44625.1
5725	42897.0
5726	60137.7
5727	56595.9
5728	50108.9
5729	35661.9
5730	30927.0
5731	16333.3
5732	9275.0
5733	6036.4
5734	4219.7
5735	3100.1
5736	2296.1
5737	1741.6
5738	1417.2
5739	1125.1
5740	838.3
5741	621.3
5742	1108.2
5743	6467.4
5744	16305.3
5745	28188.2
5746	38486.2
5747	44093.3
5748	36271.9
5749	39312.1
5750	54226.4
5751	59540.5
5752	60793.4
5753	48704.0
5754	37851.5
5755	21114.2
5756	12436.2
5757	7976.7
5758	5051.7
5759	3094.2
5760	2200.6
5761	1609.8
5762	1132.8
5763	949.8
5764	707.3
5765	519.1
5766	2111.1
5767	10087.0
5768	28089.0
5769	45727.9
5770	57519.2
5771	48515.5
5772	41207.3
5773	47718.0
5774	54786.1
5775	53434.1
5776	50430.9
5777	43341.1
5778	46578.4
5779	25574.2
5780	16343.9
5781	11220.4
5782	8047.6
5783	6171.4
5784	4876.0
5785	3735.4
5786	3254.1
5787	2550.0
5788	2127.1
5789	1922.4
5790	3374.3
5791	12320.0
5792	31059.0
5793	50439.8
5794	50114.7
5795	52582.5
5796	56458.2
5797	62585.1
5798	78679.4
5799	81774.6
5800	79399.8
5801	64323.6
5802	49514.3
5803	28147.0
5804	18959.6
5805	13945.7
5806	10546.1
5807	8656.6
5808	7015.9
5809	5597.9
5810	4835.9
5811	4454.7
5812	3927.7
5813	3750.0
5814	4615.3
5815	11189.6
5816	30535.0
5817	47963.6
5818	56497.1
5819	51025.9
5820	37896.2
5821	39884.3
5822	62851.8
5823	54610.2
5824	45603.6
5825	32598.0
5826	25136.3
5827	14155.5
5828	9326.5
5829	6833.8
5830	5213.6
5831	3930.3
5832	2879.7
5833	2245.3
5834	1876.0
5835	1656.2
5836	1452.6
5837	1315.7
5838	3413.5
5839	4477.8
5840	2521.9
5841	2230.0
5842	2454.1
5843	3434.5
5844	3235.2
5845	3414.3
5846	3399.8
5847	3472.7
5848	2239.8
5849	1416.9
5850	574.5
5851	318.8
5852	223.3
5853	194.8
5854	178.0
5855	185.3
5856	0.0
5857	0.0
5858	0.0
5859	0.0
5860	0.0
5861	0.0
5862	0.0
5863	0.0
5864	0.0
5865	0.0
5866	0.0
5867	0.0
5868	0.0
5869	0.0
5870	0.0
5871	0.0
5872	0.0
5873	0.0
5874	0.0
5875	0.0
5876	0.0
5877	0.0
5878	0.0
5879	0.0
5880	0.0
5881	0.0
5882	0.0
5883	0.0
5884	0.0
5885	0.0
5886	0.0
5887	0.0
5888	0.0
5889	0.0
5890	0.0
5891	0.0
5892	0.0
5893	0.0
5894	0.0
5895	0.0
5896	0.0
5897	0.0
5898	0.0
5899	0.0
5900	0.0
5901	0.0
5902	0.0
5903	0.0
5904	0.0
5905	0.0
5906	0.0
5907	0.0
5908	0.0
5909	0.0
5910	0.0
5911	0.0
5912	0.0
5913	0.0
5914	0.0
5915	0.0
5916	0.0
5917	0.0
5918	0.0
5919	0.0
5920	0.0
5921	0.0
5922	0.0
5923	0.0
5924	0.0
5925	0.0
5926	0.0
5927	0.0
5928	0.0
5929	0.0
5930	0.0
5931	0.0
5932	0.0
5933	0.0
5934	0.0
5935	0.0
5936	0.0
5937	0.0
5938	0.0
5939	0.0
5940	0.0
5941	0.0
5942	0.0
5943	0.0
5944	0.0
5945	0.0
5946	0.0
5947	0.0
5948	0.0
5949	0.0
5950	0.0
5951	0.0
5952	0.0
5953	0.0
5954	0.0
5955	0.0
5956	0.0
5957	0.0
5958	0.0
5959	0.0
5960	0.0
5961	0.0
5962	0.0
5963	0.0
5964	0.0
5965	0.0
5966	0.0
5967	0.0
5968	0.0
5969	0.0
5970	0.0
5971	0.0
5972	0.0
5973	0.0
5974	0.0
5975	0.0
5976	0.0
5977	0.0
5978	0.0
5979	0.0
5980	0.0
5981	0.0
5982	0.0
5983	0.0
5984	0.0
5985	0.0
5986	0.0
5987	0.0
5988	0.0
5989	0.0
5990	0.0
5991	0.0
5992	0.0
5993	0.0
5994	0.0
5995	0.0
5996	0.0
5997	0.0
5998	0.0
5999	0.0
6000	0.0
6001	0.0
6002	0.0
6003	0.0
6004	0.0
6005	0.0
6006	0.0
6007	0.0
6008	0.0
6009	0.0
6010	0.0
6011	0.0
6012	0.0
6013	0.0
6014	0.0
6015	0.0
6016	0.0
6017	0.0
6018	0.0
6019	0.0
6020	0.0
6021	0.0
6022	0.0
6023	0.0
6024	0.0
6025	0.0
6026	0.0
6027	0.0
6028	0.0
6029	0.0
6030	0.0
6031	0.0
6032	0.0
6033	0.0
6034	0.0
6035	0.0
6036	0.0
6037	0.0
6038	0.0
6039	0.0
6040	0.0
6041	0.0
6042	0.0
6043	0.0
6044	0.0
6045	0.0
6046	0.0
6047	0.0
6048	0.0
6049	0.0
6050	0.0
6051	0.0
6052	0.0
6053	0.0
6054	0.0
6055	0.0
6056	0.0
6057	0.0
6058	0.0
6059	0.0
6060	0.0
6061	0.0
6062	0.0
6063	0.0
6064	0.0
6065	0.0
6066	0.0
6067	0.0
6068	0.0
6069	0.0
6070	0.0
6071	0.0
6072	0.0
6073	0.0
6074	0.0
6075	0.0
6076	0.0
6077	0.0
6078	0.0
6079	0.0
6080	0.0
6081	0.0
6082	0.0
6083	0.0
6084	0.0
6085	0.0
6086	0.0
6087	0.0
6088	0.0
6089	0.0
6090	0.0
6091	0.0
6092	0.0
6093	0.0
6094	0.0
6095	0.0
6096	0.0
6097	0.0
6098	0.0
6099	0.0
6100	0.0
6101	0.0
6102	0.0
6103	0.0
6104	0.0
6105	0.0
6106	0.0
6107	0.0
6108	0.0
6109	0.0
6110	0.0
6111	0.0
6112	0.0
6113	0.0
6114	0.0
6115	0.0
6116	0.0
6117	0.0
6118	0.0
6119	0.0
6120	0.0
6121	0.0
6122	0.0
6123	0.0
6124	0.0
6125	0.0
6126	0.0
6127	0.0
6128	0.0
6129	0.0
6130	0.0
6131	0.0
6132	0.0
6133	0.0
6134	0.0
6135	0.0
6136	0.0
6137	0.0
6138	0.0
6139	0.0
6140	0.0
6141	0.0
6142	0.0
6143	0.0
6144	0.0
6145	0.0
6146	0.0
6147	0.0
6148	0.0
6149	0.0
6150	0.0
6151	0.0
6152	0.0
6153	0.0
6154	0.0
6155	0.0
6156	0.0
6157	0.0
6158	0.0
6159	0.0
6160	0.0
6161	0.0
6162	0.0
6163	0.0
6164	0.0
6165	0.0
6166	0.0
6167	0.0
6168	0.0
6169	0.0
6170	0.0
6171	0.0
6172	0.0
6173	0.0
6174	0.0
6175	0.0
6176	0.0
6177	0.0
6178	0.0
6179	0.0
6180	0.0
6181	0.0
6182	0.0
6183	0.0
6184	0.0
6185	0.0
6186	0.0
6187	0.0
6188	0.0
6189	0.0
6190	0.0
6191	0.0
6192	0.0
6193	0.0
6194	0.0
6195	0.0
6196	0.0
6197	0.0
6198	0.0
6199	0.0
6200	0.0
6201	0.0
6202	0.0
6203	0.0
6204	0.0
6205	0.0
6206	0.0
6207	0.0
6208	0.0
6209	0.0
6210	0.0
6211	0.0
6212	0.0
6213	0.0
6214	0.0
6215	0.0
6216	0.0
6217	0.0
6218	0.0
6219	0.0
6220	0.0
6221	0.0
6222	0.0
6223	0.0
6224	0.0
6225	0.0
6226	0.0
6227	0.0
6228	0.0
6229	0.0
6230	0.0
6231	0.0
6232	0.0
6233	0.0
6234	0.0
6235	0.0
6236	0.0
6237	0.0
6238	0.0
6239	0.0
6240	0.0
6241	0.0
6242	0.0
6243	0.0
6244	0.0
6245	0.0
6246	0.0
6247	0.0
6248	0.0
6249	0.0
6250	0.0
6251	0.0
6252	0.0
6253	0.0
6254	0.0
6255	0.0
6256	0.0
6257	0.0
6258	0.0
6259	0.0
6260	0.0
6261	0.0
6262	0.0
6263	0.0
6264	0.0
6265	0.0
6266	0.0
6267	0.0
6268	0.0
6269	0.0
6270	0.0
6271	0.0
6272	0.0
6273	0.0
6274	0.0
6275	0.0
6276	0.0
6277	0.0
6278	0.0
6279	0.0
6280	0.0
6281	0.0
6282	0.0
6283	0.0
6284	0.0
6285	0.0
6286	0.0
6287	0.0
6288	0.0
6289	0.0
6290	0.0
6291	0.0
6292	0.0
6293	0.0
6294	0.0
6295	0.0
6296	0.0
6297	0.0
6298	0.0
6299	0.0
6300	0.0
6301	0.0
6302	0.0
6303	0.0
6304	0.0
6305	0.0
6306	0.0
6307	0.0
6308	0.0
6309	0.0
6310	0.0
6311	0.0
6312	0.0
6313	0.0
6314	0.0
6315	0.0
6316	0.0
6317	0.0
6318	0.0
6319	0.0
6320	0.0
6321	0.0
6322	0.0
6323	0.0
6324	0.0
6325	0.0
6326	0.0
6327	0.0
6328	0.0
6329	0.0
6330	0.0
6331	0.0
6332	0.0
6333	0.0
6334	0.0
6335	0.0
6336	0.0
6337	0.0
6338	0.0
6339	0.0
6340	0.0
6341	0.0
6342	0.0
6343	0.0
6344	0.0
6345	0.0
6346	0.0
6347	0.0
6348	0.0
6349	0.0
6350	0.0
6351	0.0
6352	0.0
6353	0.0
6354	0.0
6355	0.0
6356	0.0
6357	0.0
6358	0.0
6359	0.0
6360	0.0
6361	0.0
6362	0.0
6363	0.0
6364	0.0
6365	0.0
6366	0.0
6367	0.0
6368	0.0
6369	0.0
6370	0.0
6371	0.0
6372	0.0
6373	0.0
6374	0.0
6375	0.0
6376	0.0
6377	0.0
6378	0.0
6379	0.0
6380	0.0
6381	0.0
6382	0.0
6383	0.0
6384	0.0
6385	0.0
6386	0.0
6387	0.0
6388	0.0
6389	0.0
6390	0.0
6391	0.0
6392	0.0
6393	0.0
6394	0.0
6395	0.0
6396	0.0
6397	0.0
6398	0.0
6399	0.0
6400	0.0
6401	0.0
6402	0.0
6403	0.0
6404	0.0
6405	0.0
6406	0.0
6407	0.0
6408	0.0
6409	0.0
6410	0.0
6411	0.0
6412	0.0
6413	0.0
6414	0.0
6415	0.0
6416	0.0
6417	0.0
6418	0.0
6419	0.0
6420	0.0
6421	0.0
6422	0.0
6423	0.0
6424	0.0
6425	0.0
6426	0.0
6427	0.0
6428	0.0
6429	0.0
6430	0.0
6431	0.0
6432	0.0
6433	0.0
6434	0.0
6435	0.0
6436	0.0
6437	0.0
6438	0.0
6439	0.0
6440	0.0
6441	0.0
6442	0.0
6443	0.0
6444	0.0
6445	0.0
6446	0.0
6447	0.0
6448	0.0
6449	0.0
6450	0.0
6451	0.0
6452	0.0
6453	0.0
6454	0.0
6455	0.0
6456	0.0
6457	0.0
6458	0.0
6459	0.0
6460	0.0
6461	0.0
6462	0.0
6463	0.0
6464	0.0
6465	0.0
6466	0.0
6467	0.0
6468	0.0
6469	0.0
6470	0.0
6471	0.0
6472	0.0
6473	0.0
6474	0.0
6475	0.0
6476	0.0
6477	0.0
6478	0.0
6479	0.0
6480	0.0
6481	0.0
6482	0.0
6483	0.0
6484	0.0
6485	0.0
6486	0.0
6487	0.0
6488	0.0
6489	0.0
6490	0.0
6491	0.0
6492	0.0
6493	0.0
6494	0.0
6495	0.0
6496	0.0
6497	0.0
6498	0.0
6499	0.0
6500	0.0
6501	0.0
6502	0.0
6503	0.0
6504	0.0
6505	0.0
6506	0.0
6507	0.0
6508	0.0
6509	0.0
6510	0.0
6511	0.0
6512	0.0
6513	0.0
6514	0.0
6515	0.0
6516	0.0
6517	0.0
6518	0.0
6519	0.0
6520	0.0
6521	0.0
6522	0.0
6523	0.0
6524	0.0
6525	0.0
6526	0.0
6527	0.0
6528	0.0
6529	0.0
6530	0.0
6531	0.0
6532	0.0
6533	0.0
6534	0.0
6535	0.0
6536	0.0
6537	0.0
6538	0.0
6539	0.0
6540	0.0
6541	0.0
6542	0.0
6543	0.0
6544	0.0
6545	0.0
6546	0.0
6547	0.0
6548	0.0
6549	0.0
6550	0.0
6551	0.0
6552	0.0
6553	0.0
6554	0.0
6555	0.0
6556	0.0
6557	0.0
6558	0.0
6559	0.0
6560	0.0
6561	0.0
6562	0.0
6563	0.0
6564	0.0
6565	0.0
6566	0.0
6567	0.0
6568	0.0
6569	0.0
6570	0.0
6571	0.0
6572	0.0
6573	0.0
6574	0.0
6575	0.0
6576	0.0
6577	0.0
6578	0.0
6579	0.0
6580	0.0
6581	0.0
6582	0.0
6583	0.0
6584	0.0
6585	0.0
6586	0.0
6587	0.0
6588	0.0
6589	0.0
6590	0.0
6591	0.0
6592	0.0
6593	0.0
6594	0.0
6595	0.0
6596	0.0
6597	0.0
6598	0.0
6599	0.0
6600	0.0
6601	0.0
6602	0.0
6603	0.0
6604	0.0
6605	0.0
6606	0.0
6607	0.0
6608	0.0
6609	0.0
6610	0.0
6611	0.0
6612	0.0
6613	0.0
6614	0.0
6615	0.0
6616	0.0
6617	0.0
6618	0.0
6619	0.0
6620	0.0
6621	0.0
6622	0.0
6623	0.0
6624	0.0
6625	0.0
6626	0.0
6627	0.0
6628	0.0
6629	0.0
6630	0.0
6631	0.0
6632	0.0
6633	0.0
6634	0.0
6635	0.0
6636	0.0
6637	0.0
6638	0.0
6639	0.0
6640	0.0
6641	0.0
6642	0.0
6643	0.0
6644	0.0
6645	0.0
6646	0.0
6647	0.0
6648	0.0
6649	0.0
6650	0.0
6651	0.0
6652	0.0
6653	0.0
6654	0.0
6655	0.0
6656	0.0
6657	0.0
6658	0.0
6659	0.0
6660	0.0
6661	0.0
6662	0.0
6663	0.0
6664	0.0
6665	0.0
6666	0.0
6667	0.0
6668	0.0
6669	0.0
6670	0.0
6671	0.0
6672	0.0
6673	0.0
6674	0.0
6675	0.0
6676	0.0
6677	0.0
6678	0.0
6679	0.0
6680	0.0
6681	0.0
6682	0.0
6683	0.0
6684	0.0
6685	0.0
6686	0.0
6687	0.0
6688	0.0
6689	0.0
6690	0.0
6691	0.0
6692	0.0
6693	0.0
6694	0.0
6695	0.0
6696	0.0
6697	0.0
6698	0.0
6699	0.0
6700	0.0
6701	0.0
6702	0.0
6703	0.0
6704	0.0
6705	0.0
6706	0.0
6707	0.0
6708	0.0
6709	0.0
6710	0.0
6711	0.0
6712	0.0
6713	0.0
6714	0.0
6715	0.0
6716	0.0
6717	0.0
6718	0.0
6719	0.0
6720	0.0
6721	0.0
6722	0.0
6723	0.0
6724	0.0
6725	0.0
6726	0.0
6727	0.0
6728	0.0
6729	0.0
6730	0.0
6731	0.0
6732	0.0
6733	0.0
6734	0.0
6735	0.0
6736	0.0
6737	0.0
6738	0.0
6739	0.0
6740	0.0
6741	0.0
6742	0.0
6743	0.0
6744	0.0
6745	0.0
6746	0.0
6747	0.0
6748	0.0
6749	0.0
6750	0.0
6751	0.0
6752	0.0
6753	0.0
6754	0.0
6755	0.0
6756	0.0
6757	0.0
6758	0.0
6759	0.0
6760	0.0
6761	0.0
6762	0.0
6763	0.0
6764	0.0
6765	0.0
6766	0.0
6767	0.0
6768	0.0
6769	0.0
6770	0.0
6771	0.0
6772	0.0
6773	0.0
6774	0.0
6775	0.0
6776	0.0
6777	0.0
6778	0.0
6779	0.0
6780	0.0
6781	0.0
6782	0.0
6783	0.0
6784	0.0
6785	0.0
6786	0.0
6787	0.0
6788	0.0
6789	0.0
6790	0.0
6791	0.0
6792	0.0
6793	0.0
6794	0.0
6795	0.0
6796	0.0
6797	0.0
6798	0.0
6799	0.0
6800	0.0
6801	0.0
6802	0.0
6803	0.0
6804	0.0
6805	0.0
6806	0.0
6807	0.0
6808	0.0
6809	0.0
6810	0.0
6811	0.0
6812	0.0
6813	0.0
6814	0.0
6815	0.0
6816	0.0
6817	0.0
6818	0.0
6819	0.0
6820	0.0
6821	0.0
6822	0.0
6823	0.0
6824	0.0
6825	0.0
6826	0.0
6827	0.0
6828	0.0
6829	0.0
6830	0.0
6831	0.0
6832	0.0
6833	0.0
6834	0.0
6835	0.0
6836	0.0
6837	0.0
6838	0.0
6839	0.0
6840	0.0
6841	0.0
6842	0.0
6843	0.0
6844	0.0
6845	0.0
6846	0.0
6847	0.0
6848	0.0
6849	0.0
6850	0.0
6851	0.0
6852	0.0
6853	0.0
6854	0.0
6855	0.0
6856	0.0
6857	0.0
6858	0.0
6859	0.0
6860	0.0
6861	0.0
6862	0.0
6863	0.0
6864	0.0
6865	0.0
6866	0.0
6867	0.0
6868	0.0
6869	0.0
6870	0.0
6871	0.0
6872	0.0
6873	0.0
6874	0.0
6875	0.0
6876	0.0
6877	0.0
6878	0.0
6879	0.0
6880	0.0
6881	0.0
6882	0.0
6883	0.0
6884	0.0
6885	0.0
6886	0.0
6887	0.0
6888	0.0
6889	0.0
6890	0.0
6891	0.0
6892	0.0
6893	0.0
6894	0.0
6895	0.0
6896	0.0
6897	0.0
6898	0.0
6899	0.0
6900	0.0
6901	0.0
6902	0.0
6903	0.0
6904	0.0
6905	0.0
6906	0.0
6907	0.0
6908	0.0
6909	0.0
6910	0.0
6911	0.0
6912	0.0
6913	0.0
6914	0.0
6915	0.0
6916	0.0
6917	0.0
6918	0.0
6919	0.0
6920	0.0
6921	0.0
6922	0.0
6923	0.0
6924	0.0
6925	0.0
6926	0.0
6927	0.0
6928	0.0
6929	0.0
6930	0.0
6931	0.0
6932	0.0
6933	0.0
6934	0.0
6935	0.0
6936	0.0
6937	0.0
6938	0.0
6939	0.0
6940	0.0
6941	0.0
6942	0.0
6943	0.0
6944	0.0
6945	0.0
6946	0.0
6947	0.0
6948	0.0
6949	0.0
6950	0.0
6951	0.0
6952	0.0
6953	0.0
6954	0.0
6955	0.0
6956	0.0
6957	0.0
6958	0.0
6959	0.0
6960	0.0
6961	0.0
6962	0.0
6963	0.0
6964	0.0
6965	0.0
6966	0.0
6967	0.0
6968	0.0
6969	0.0
6970	0.0
6971	0.0
6972	0.0
6973	0.0
6974	0.0
6975	0.0
6976	0.0
6977	0.0
6978	0.0
6979	0.0
6980	0.0
6981	0.0
6982	0.0
6983	0.0
6984	0.0
6985	0.0
6986	0.0
6987	0.0
6988	0.0
6989	0.0
6990	0.0
6991	0.0
6992	0.0
6993	0.0
6994	0.0
6995	0.0
6996	0.0
6997	0.0
6998	0.0
6999	0.0
7000	0.0
7001	0.0
7002	0.0
7003	0.0
7004	0.0
7005	0.0
7006	0.0
7007	0.0
7008	0.0
7009	0.0
7010	0.0
7011	0.0
7012	0.0
7013	0.0
7014	0.0
7015	0.0
7016	0.0
7017	0.0
7018	0.0
7019	0.0
7020	0.0
7021	0.0
7022	0.0
7023	0.0
7024	0.0
7025	0.0
7026	0.0
7027	0.0
7028	0.0
7029	0.0
7030	0.0
7031	0.0
7032	0.0
7033	0.0
7034	0.0
7035	0.0
7036	0.0
7037	0.0
7038	0.0
7039	0.0
7040	0.0
7041	0.0
7042	0.0
7043	0.0
7044	0.0
7045	0.0
7046	0.0
7047	0.0
7048	0.0
7049	0.0
7050	0.0
7051	0.0
7052	0.0
7053	0.0
7054	0.0
7055	0.0
7056	0.0
7057	0.0
7058	0.0
7059	0.0
7060	0.0
7061	0.0
7062	0.0
7063	0.0
7064	0.0
7065	0.0
7066	0.0
7067	0.0
7068	0.0
7069	0.0
7070	0.0
7071	0.0
7072	0.0
7073	0.0
7074	0.0
7075	0.0
7076	0.0
7077	0.0
7078	0.0
7079	0.0
7080	0.0
7081	0.0
7082	0.0
7083	0.0
7084	0.0
7085	0.0
7086	0.0
7087	0.0
7088	0.0
7089	0.0
7090	0.0
7091	0.0
7092	0.0
7093	0.0
7094	0.0
7095	0.0
7096	0.0
7097	0.0
7098	0.0
7099	0.0
7100	0.0
7101	0.0
7102	0.0
7103	0.0
7104	0.0
7105	0.0
7106	0.0
7107	0.0
7108	0.0
7109	0.0
7110	0.0
7111	0.0
7112	0.0
7113	0.0
7114	0.0
7115	0.0
7116	0.0
7117	0.0
7118	0.0
7119	0.0
7120	0.0
7121	0.0
7122	0.0
7123	0.0
7124	0.0
7125	0.0
7126	0.0
7127	0.0
7128	0.0
7129	0.0
7130	0.0
7131	0.0
7132	0.0
7133	0.0
7134	0.0
7135	0.0
7136	0.0
7137	0.0
7138	0.0
7139	0.0
7140	0.0
7141	0.0
7142	0.0
7143	0.0
7144	0.0
7145	0.0
7146	0.0
7147	0.0
7148	0.0
7149	0.0
7150	0.0
7151	0.0
7152	0.0
7153	0.0
7154	0.0
7155	0.0
7156	0.0
7157	0.0
7158	0.0
7159	0.0
7160	0.0
7161	0.0
7162	0.0
7163	0.0
7164	0.0
7165	0.0
7166	0.0
7167	0.0
7168	0.0
7169	0.0
7170	0.0
7171	0.0
7172	0.0
7173	0.0
7174	0.0
7175	0.0
7176	0.0
7177	0.0
7178	0.0
7179	0.0
7180	0.0
7181	0.0
7182	0.0
7183	0.0
7184	0.0
7185	0.0
7186	0.0
7187	0.0
7188	0.0
7189	0.0
7190	0.0
7191	0.0
7192	0.0
7193	0.0
7194	0.0
7195	0.0
7196	0.0
7197	0.0
7198	0.0
7199	0.0
7200	0.0
7201	0.0
7202	0.0
7203	0.0
7204	0.0
7205	0.0
7206	0.0
7207	0.0
7208	0.0
7209	0.0
7210	0.0
7211	0.0
7212	0.0
7213	0.0
7214	0.0
7215	0.0
7216	0.0
7217	0.0
7218	0.0
7219	0.0
7220	0.0
7221	0.0
7222	0.0
7223	0.0
7224	0.0
7225	0.0
7226	0.0
7227	0.0
7228	0.0
7229	0.0
7230	0.0
7231	0.0
7232	0.0
7233	0.0
7234	0.0
7235	0.0
7236	0.0
7237	0.0
7238	0.0
7239	0.0
7240	0.0
7241	0.0
7242	0.0
7243	0.0
7244	0.0
7245	0.0
7246	0.0
7247	0.0
7248	0.0
7249	0.0
7250	0.0
7251	0.0
7252	0.0
7253	0.0
7254	0.0
7255	0.0
7256	0.0
7257	0.0
7258	0.0
7259	0.0
7260	0.0
7261	0.0
7262	0.0
7263	0.0
7264	0.0
7265	0.0
7266	0.0
7267	0.0
7268	0.0
7269	0.0
7270	0.0
7271	0.0
7272	0.0
7273	0.0
7274	0.0
7275	0.0
7276	0.0
7277	0.0
7278	0.0
7279	0.0
7280	0.0
7281	0.0
7282	0.0
7283	0.0
7284	0.0
7285	0.0
7286	0.0
7287	0.0
7288	0.0
7289	0.0
7290	0.0
7291	0.0
7292	0.0
7293	0.0
7294	0.0
7295	0.0
7296	0.0
7297	0.0
7298	0.0
7299	0.0
7300	0.0
7301	0.0
7302	0.0
7303	0.0
7304	0.0
7305	0.0
7306	0.0
7307	0.0
7308	0.0
7309	0.0
7310	0.0
7311	0.0
7312	0.0
7313	0.0
7314	0.0
7315	0.0
7316	0.0
7317	0.0
7318	0.0
7319	0.0
7320	0.0
7321	0.0
7322	0.0
7323	0.0
7324	0.0
7325	0.0
7326	0.0
7327	0.0
7328	0.0
7329	0.0
7330	0.0
7331	0.0
7332	0.0
7333	0.0
7334	0.0
7335	0.0
7336	0.0
7337	0.0
7338	0.0
7339	0.0
7340	0.0
7341	0.0
7342	0.0
7343	0.0
7344	0.0
7345	0.0
7346	0.0
7347	0.0
7348	0.0
7349	0.0
7350	0.0
7351	0.0
7352	0.0
7353	0.0
7354	0.0
7355	0.0
7356	0.0
7357	0.0
7358	0.0
7359	0.0
7360	0.0
7361	0.0
7362	0.0
7363	0.0
7364	0.0
7365	0.0
7366	0.0
7367	0.0
7368	0.0
7369	0.0
7370	0.0
7371	0.0
7372	0.0
7373	0.0
7374	0.0
7375	0.0
7376	0.0
7377	0.0
7378	0.0
7379	0.0
7380	0.0
7381	0.0
7382	0.0
7383	0.0
7384	0.0
7385	0.0
7386	0.0
7387	0.0
7388	0.0
7389	0.0
7390	0.0
7391	0.0
7392	0.0
7393	0.0
7394	0.0
7395	0.0
7396	0.0
7397	0.0
7398	0.0
7399	0.0
7400	0.0
7401	0.0
7402	0.0
7403	0.0
7404	0.0
7405	0.0
7406	0.0
7407	0.0
7408	0.0
7409	0.0
7410	0.0
7411	0.0
7412	0.0
7413	0.0
7414	0.0
7415	0.0
7416	0.0
7417	0.0
7418	0.0
7419	0.0
7420	0.0
7421	0.0
7422	0.0
7423	0.0
7424	0.0
7425	0.0
7426	0.0
7427	0.0
7428	0.0
7429	0.0
7430	0.0
7431	0.0
7432	0.0
7433	0.0
7434	0.0
7435	0.0
7436	0.0
7437	0.0
7438	0.0
7439	0.0
7440	0.0
7441	0.0
7442	0.0
7443	0.0
7444	0.0
7445	0.0
7446	0.0
7447	0.0
7448	0.0
7449	0.0
7450	0.0
7451	0.0
7452	0.0
7453	0.0
7454	0.0
7455	0.0
7456	0.0
7457	0.0
7458	0.0
7459	0.0
7460	0.0
7461	0.0
7462	0.0
7463	0.0
7464	0.0
7465	0.0
7466	0.0
7467	0.0
7468	0.0
7469	0.0
7470	0.0
7471	0.0
7472	0.0
7473	0.0
7474	0.0
7475	0.0
7476	0.0
7477	0.0
7478	0.0
7479	0.0
7480	0.0
7481	0.0
7482	0.0
7483	0.0
7484	0.0
7485	0.0
7486	0.0
7487	0.0
7488	0.0
7489	0.0
7490	0.0
7491	0.0
7492	0.0
7493	0.0
7494	0.0
7495	0.0
7496	0.0
7497	0.0
7498	0.0
7499	0.0
7500	0.0
7501	0.0
7502	0.0
7503	0.0
7504	0.0
7505	0.0
7506	0.0
7507	0.0
7508	0.0
7509	0.0
7510	0.0
7511	0.0
7512	0.0
7513	0.0
7514	0.0
7515	0.0
7516	0.0
7517	0.0
7518	0.0
7519	0.0
7520	0.0
7521	0.0
7522	0.0
7523	0.0
7524	0.0
7525	0.0
7526	0.0
7527	0.0
7528	0.0
7529	0.0
7530	0.0
7531	0.0
7532	0.0
7533	0.0
7534	0.0
7535	0.0
7536	0.0
7537	0.0
7538	0.0
7539	0.0
7540	0.0
7541	0.0
7542	0.0
7543	0.0
7544	0.0
7545	0.0
7546	0.0
7547	0.0
7548	0.0
7549	0.0
7550	0.0
7551	0.0
7552	0.0
7553	0.0
7554	0.0
7555	0.0
7556	0.0
7557	0.0
7558	0.0
7559	0.0
7560	0.0
7561	0.0
7562	0.0
7563	0.0
7564	0.0
7565	0.0
7566	0.0
7567	0.0
7568	0.0
7569	0.0
7570	0.0
7571	0.0
7572	0.0
7573	0.0
7574	0.0
7575	0.0
7576	0.0
7577	0.0
7578	0.0
7579	0.0
7580	0.0
7581	0.0
7582	0.0
7583	0.0
7584	0.0
7585	0.0
7586	0.0
7587	0.0
7588	0.0
7589	0.0
7590	0.0
7591	0.0
7592	0.0
7593	0.0
7594	0.0
7595	0.0
7596	0.0
7597	0.0
7598	0.0
7599	0.0
7600	0.0
7601	0.0
7602	0.0
7603	0.0
7604	0.0
7605	0.0
7606	0.0
7607	0.0
7608	0.0
7609	0.0
7610	0.0
7611	0.0
7612	0.0
7613	0.0
7614	0.0
7615	0.0
7616	0.0
7617	0.0
7618	0.0
7619	0.0
7620	0.0
7621	0.0
7622	0.0
7623	0.0
7624	0.0
7625	0.0
7626	0.0
7627	0.0
7628	0.0
7629	0.0
7630	0.0
7631	0.0
7632	0.0
7633	0.0
7634	0.0
7635	0.0
7636	0.0
7637	0.0
7638	0.0
7639	0.0
7640	0.0
7641	0.0
7642	0.0
7643	0.0
7644	0.0
7645	0.0
7646	0.0
7647	0.0
7648	0.0
7649	0.0
7650	0.0
7651	0.0
7652	0.0
7653	0.0
7654	0.0
7655	0.0
7656	0.0
7657	0.0
7658	0.0
7659	0.0
7660	0.0
7661	0.0
7662	0.0
7663	0.0
7664	0.0
7665	0.0
7666	0.0
7667	0.0
7668	0.0
7669	0.0
7670	0.0
7671	0.0
7672	0.0
7673	0.0
7674	0.0
7675	0.0
7676	0.0
7677	0.0
7678	0.0
7679	0.0
7680	0.0
7681	0.0
7682	0.0
7683	0.0
7684	0.0
7685	0.0
7686	0.0
7687	0.0
7688	0.0
7689	0.0
7690	0.0
7691	0.0
7692	0.0
7693	0.0
7694	0.0
7695	0.0
7696	0.0
7697	0.0
7698	0.0
7699	0.0
7700	0.0
7701	0.0
7702	0.0
7703	0.0
7704	0.0
7705	0.0
7706	0.0
7707	0.0
7708	0.0
7709	0.0
7710	0.0
7711	0.0
7712	0.0
7713	0.0
7714	0.0
7715	0.0
7716	0.0
7717	0.0
7718	0.0
7719	0.0
7720	0.0
7721	0.0
7722	0.0
7723	0.0
7724	0.0
7725	0.0
7726	0.0
7727	0.0
7728	0.0
7729	0.0
7730	0.0
7731	0.0
7732	0.0
7733	0.0
7734	0.0
7735	0.0
7736	0.0
7737	0.0
7738	0.0
7739	0.0
7740	0.0
7741	0.0
7742	0.0
7743	0.0
7744	0.0
7745	0.0
7746	0.0
7747	0.0
7748	0.0
7749	0.0
7750	0.0
7751	0.0
7752	0.0
7753	0.0
7754	0.0
7755	0.0
7756	0.0
7757	0.0
7758	0.0
7759	0.0
7760	0.0
7761	0.0
7762	0.0
7763	0.0
7764	0.0
7765	0.0
7766	0.0
7767	0.0
7768	0.0
7769	0.0
7770	0.0
7771	0.0
7772	0.0
7773	0.0
7774	0.0
7775	0.0
7776	0.0
7777	0.0
7778	0.0
7779	0.0
7780	0.0
7781	0.0
7782	0.0
7783	0.0
7784	0.0
7785	0.0
7786	0.0
7787	0.0
7788	0.0
7789	0.0
7790	0.0
7791	0.0
7792	0.0
7793	0.0
7794	0.0
7795	0.0
7796	0.0
7797	0.0
7798	0.0
7799	0.0
7800	0.0
7801	0.0
7802	0.0
7803	0.0
7804	0.0
7805	0.0
7806	0.0
7807	0.0
7808	0.0
7809	0.0
7810	0.0
7811	0.0
7812	0.0
7813	0.0
7814	0.0
7815	0.0
7816	0.0
7817	0.0
7818	0.0
7819	0.0
7820	0.0
7821	0.0
7822	0.0
7823	0.0
7824	0.0
7825	0.0
7826	0.0
7827	0.0
7828	0.0
7829	0.0
7830	0.0
7831	0.0
7832	0.0
7833	0.0
7834	0.0
7835	0.0
7836	0.0
7837	0.0
7838	0.0
7839	0.0
7840	0.0
7841	0.0
7842	0.0
7843	0.0
7844	0.0
7845	0.0
7846	0.0
7847	0.0
7848	0.0
7849	0.0
7850	0.0
7851	0.0
7852	0.0
7853	0.0
7854	0.0
7855	0.0
7856	0.0
7857	0.0
7858	0.0
7859	0.0
7860	0.0
7861	0.0
7862	0.0
7863	0.0
7864	0.0
7865	0.0
7866	0.0
7867	0.0
7868	0.0
7869	0.0
7870	0.0
7871	0.0
7872	0.0
7873	0.0
7874	0.0
7875	0.0
7876	0.0
7877	0.0
7878	0.0
7879	0.0
7880	0.0
7881	0.0
7882	0.0
7883	0.0
7884	0.0
7885	0.0
7886	0.0
7887	0.0
7888	0.0
7889	0.0
7890	0.0
7891	0.0
7892	0.0
7893	0.0
7894	0.0
7895	0.0
7896	0.0
7897	0.0
7898	0.0
7899	0.0
7900	0.0
7901	0.0
7902	0.0
7903	0.0
7904	0.0
7905	0.0
7906	0.0
7907	0.0
7908	0.0
7909	0.0
7910	0.0
7911	0.0
7912	0.0
7913	0.0
7914	0.0
7915	0.0
7916	0.0
7917	0.0
7918	0.0
7919	0.0
7920	0.0
7921	0.0
7922	0.0
7923	0.0
7924	0.0
7925	0.0
7926	0.0
7927	0.0
7928	0.0
7929	0.0
7930	0.0
7931	0.0
7932	0.0
7933	0.0
7934	0.0
7935	0.0
7936	0.0
7937	0.0
7938	0.0
7939	0.0
7940	0.0
7941	0.0
7942	0.0
7943	0.0
7944	0.0
7945	0.0
7946	0.0
7947	0.0
7948	0.0
7949	0.0
7950	0.0
7951	0.0
7952	0.0
7953	0.0
7954	0.0
7955	0.0
7956	0.0
7957	0.0
7958	0.0
7959	0.0
7960	0.0
7961	0.0
7962	0.0
7963	0.0
7964	0.0
7965	0.0
7966	0.0
7967	0.0
7968	0.0
7969	0.0
7970	0.0
7971	0.0
7972	0.0
7973	0.0
7974	0.0
7975	0.0
7976	0.0
7977	0.0
7978	0.0
7979	0.0
7980	0.0
7981	0.0
7982	0.0
7983	0.0
7984	0.0
7985	0.0
7986	0.0
7987	0.0
7988	0.0
7989	0.0
7990	0.0
7991	0.0
7992	0.0
7993	0.0
7994	0.0
7995	0.0
7996	0.0
7997	0.0
7998	0.0
7999	0.0
8000	0.0
8001	0.0
8002	0.0
8003	0.0
8004	0.0
8005	0.0
8006	0.0
8007	0.0
8008	0.0
8009	0.0
8010	0.0
8011	0.0
8012	0.0
8013	0.0
8014	0.0
8015	0.0
8016	0.0
8017	0.0
8018	0.0
8019	0.0
8020	0.0
8021	0.0
8022	0.0
8023	0.0
8024	0.0
8025	0.0
8026	0.0
8027	0.0
8028	0.0
8029	0.0
8030	0.0
8031	0.0
8032	0.0
8033	0.0
8034	0.0
8035	0.0
8036	0.0
8037	0.0
8038	0.0
8039	0.0
8040	0.0
8041	0.0
8042	0.0
8043	0.0
8044	0.0
8045	0.0
8046	0.0
8047	0.0
8048	0.0
8049	0.0
8050	0.0
8051	0.0
8052	0.0
8053	0.0
8054	0.0
8055	0.0
8056	0.0
8057	0.0
8058	0.0
8059	0.0
8060	0.0
8061	0.0
8062	0.0
8063	0.0
8064	0.0
8065	0.0
8066	0.0
8067	0.0
8068	0.0
8069	0.0
8070	0.0
8071	0.0
8072	0.0
8073	0.0
8074	0.0
8075	0.0
8076	0.0
8077	0.0
8078	0.0
8079	0.0
8080	0.0
8081	0.0
8082	0.0
8083	0.0
8084	0.0
8085	0.0
8086	0.0
8087	0.0
8088	0.0
8089	0.0
8090	0.0
8091	0.0
8092	0.0
8093	0.0
8094	0.0
8095	0.0
8096	0.0
8097	0.0
8098	0.0
8099	0.0
8100	0.0
8101	0.0
8102	0.0
8103	0.0
8104	0.0
8105	0.0
8106	0.0
8107	0.0
8108	0.0
8109	0.0
8110	0.0
8111	0.0
8112	0.0
8113	0.0
8114	0.0
8115	0.0
8116	0.0
8117	0.0
8118	0.0
8119	0.0
8120	0.0
8121	0.0
8122	0.0
8123	0.0
8124	0.0
8125	0.0
8126	0.0
8127	0.0
8128	0.0
8129	0.0
8130	0.0
8131	0.0
8132	0.0
8133	0.0
8134	0.0
8135	0.0
8136	0.0
8137	0.0
8138	0.0
8139	0.0
8140	0.0
8141	0.0
8142	0.0
8143	0.0
8144	0.0
8145	0.0
8146	0.0
8147	0.0
8148	0.0
8149	0.0
8150	0.0
8151	0.0
8152	0.0
8153	0.0
8154	0.0
8155	0.0
8156	0.0
8157	0.0
8158	0.0
8159	0.0
8160	0.0
8161	0.0
8162	0.0
8163	0.0
8164	0.0
8165	0.0
8166	0.0
8167	0.0
8168	0.0
8169	0.0
8170	0.0
8171	0.0
8172	0.0
8173	0.0
8174	0.0
8175	0.0
8176	0.0
8177	0.0
8178	0.0
8179	0.0
8180	0.0
8181	0.0
8182	0.0
8183	0.0
8184	0.0
8185	0.0
8186	0.0
8187	0.0
8188	0.0
8189	0.0
8190	0.0
8191	0.0
8192	0.0
8193	0.0
8194	0.0
8195	0.0
8196	0.0
8197	0.0
8198	0.0
8199	0.0
8200	0.0
8201	0.0
8202	0.0
8203	0.0
8204	0.0
8205	0.0
8206	0.0
8207	0.0
8208	0.0
8209	0.0
8210	0.0
8211	0.0
8212	0.0
8213	0.0
8214	0.0
8215	0.0
8216	0.0
8217	0.0
8218	0.0
8219	0.0
8220	0.0
8221	0.0
8222	0.0
8223	0.0
8224	0.0
8225	0.0
8226	0.0
8227	0.0
8228	0.0
8229	0.0
8230	0.0
8231	0.0
8232	0.0
8233	0.0
8234	0.0
8235	0.0
8236	0.0
8237	0.0
8238	0.0
8239	0.0
8240	0.0
8241	0.0
8242	0.0
8243	0.0
8244	0.0
8245	0.0
8246	0.0
8247	0.0
8248	0.0
8249	0.0
8250	0.0
8251	0.0
8252	0.0
8253	0.0
8254	0.0
8255	0.0
8256	0.0
8257	0.0
8258	0.0
8259	0.0
8260	0.0
8261	0.0
8262	0.0
8263	0.0
8264	0.0
8265	0.0
8266	0.0
8267	0.0
8268	0.0
8269	0.0
8270	0.0
8271	0.0
8272	0.0
8273	0.0
8274	0.0
8275	0.0
8276	0.0
8277	0.0
8278	0.0
8279	0.0
8280	0.0
8281	0.0
8282	0.0
8283	0.0
8284	0.0
8285	0.0
8286	0.0
8287	0.0
8288	0.0
8289	0.0
8290	0.0
8291	0.0
8292	0.0
8293	0.0
8294	0.0
8295	0.0
8296	0.0
8297	0.0
8298	0.0
8299	0.0
8300	0.0
8301	0.0
8302	0.0
8303	0.0
8304	0.0
8305	0.0
8306	0.0
8307	0.0
8308	0.0
8309	0.0
8310	0.0
8311	0.0
8312	0.0
8313	0.0
8314	0.0
8315	0.0
8316	0.0
8317	0.0
8318	0.0
8319	0.0
8320	0.0
8321	0.0
8322	0.0
8323	0.0
8324	0.0
8325	0.0
8326	0.0
8327	0.0
8328	0.0
8329	0.0
8330	0.0
8331	0.0
8332	0.0
8333	0.0
8334	0.0
8335	0.0
8336	0.0
8337	0.0
8338	0.0
8339	0.0
8340	0.0
8341	0.0
8342	0.0
8343	0.0
8344	0.0
8345	0.0
8346	0.0
8347	0.0
8348	0.0
8349	0.0
8350	0.0
8351	0.0
8352	0.0
8353	0.0
8354	0.0
8355	0.0
8356	0.0
8357	0.0
8358	0.0
8359	0.0
8360	0.0
8361	0.0
8362	0.0
8363	0.0
8364	0.0
8365	0.0
8366	0.0
8367	0.0
8368	0.0
8369	0.0
8370	0.0
8371	0.0
8372	0.0
8373	0.0
8374	0.0
8375	0.0
8376	0.0
8377	0.0
8378	0.0
8379	0.0
8380	0.0
8381	0.0
8382	0.0
8383	0.0
8384	0.0
8385	0.0
8386	0.0
8387	0.0
8388	0.0
8389	0.0
8390	0.0
8391	0.0
8392	0.0
8393	0.0
8394	0.0
8395	0.0
8396	0.0
8397	0.0
8398	0.0
8399	0.0
8400	0.0
8401	0.0
8402	0.0
8403	0.0
8404	0.0
8405	0.0
8406	0.0
8407	0.0
8408	0.0
8409	0.0
8410	0.0
8411	0.0
8412	0.0
8413	0.0
8414	0.0
8415	0.0
8416	0.0
8417	0.0
8418	0.0
8419	0.0
8420	0.0
8421	0.0
8422	0.0
8423	0.0
8424	0.0
8425	0.0
8426	0.0
8427	0.0
8428	0.0
8429	0.0
8430	0.0
8431	0.0
8432	0.0
8433	0.0
8434	0.0
8435	0.0
8436	0.0
8437	0.0
8438	0.0
8439	0.0
8440	0.0
8441	0.0
8442	0.0
8443	0.0
8444	0.0
8445	0.0
8446	0.0
8447	0.0
8448	0.0
8449	0.0
8450	0.0
8451	0.0
8452	0.0
8453	0.0
8454	0.0
8455	0.0
8456	0.0
8457	0.0
8458	0.0
8459	0.0
8460	0.0
8461	0.0
8462	0.0
8463	0.0
8464	0.0
8465	0.0
8466	0.0
8467	0.0
8468	0.0
8469	0.0
8470	0.0
8471	0.0
8472	0.0
8473	0.0
8474	0.0
8475	0.0
8476	0.0
8477	0.0
8478	0.0
8479	0.0
8480	0.0
8481	0.0
8482	0.0
8483	0.0
8484	0.0
8485	0.0
8486	0.0
8487	0.0
8488	0.0
8489	0.0
8490	0.0
8491	0.0
8492	0.0
8493	0.0
8494	0.0
8495	0.0
8496	0.0
8497	0.0
8498	0.0
8499	0.0
8500	0.0
8501	0.0
8502	0.0
8503	0.0
8504	0.0
8505	0.0
8506	0.0
8507	0.0
8508	0.0
8509	0.0
8510	0.0
8511	0.0
8512	0.0
8513	0.0
8514	0.0
8515	0.0
8516	0.0
8517	0.0
8518	0.0
8519	0.0
8520	0.0
8521	0.0
8522	0.0
8523	0.0
8524	0.0
8525	0.0
8526	0.0
8527	0.0
8528	0.0
8529	0.0
8530	0.0
8531	0.0
8532	0.0
8533	0.0
8534	0.0
8535	0.0
8536	0.0
8537	0.0
8538	0.0
8539	0.0
8540	0.0
8541	0.0
8542	0.0
8543	0.0
8544	0.0
8545	0.0
8546	0.0
8547	0.0
8548	0.0
8549	0.0
8550	0.0
8551	0.0
8552	0.0
8553	0.0
8554	0.0
8555	0.0
8556	0.0
8557	0.0
8558	0.0
8559	0.0
8560	0.0
8561	0.0
8562	0.0
8563	0.0
8564	0.0
8565	0.0
8566	0.0
8567	0.0
8568	0.0
8569	0.0
8570	0.0
8571	0.0
8572	0.0
8573	0.0
8574	0.0
8575	0.0
8576	0.0
8577	0.0
8578	0.0
8579	0.0
8580	0.0
8581	0.0
8582	0.0
8583	0.0
8584	0.0
8585	0.0
8586	0.0
8587	0.0
8588	0.0
8589	0.0
8590	0.0
8591	0.0
8592	0.0
8593	0.0
8594	0.0
8595	0.0
8596	0.0
8597	0.0
8598	0.0
8599	0.0
8600	0.0
8601	0.0
8602	0.0
8603	0.0
8604	0.0
8605	0.0
8606	0.0
8607	0.0
8608	0.0
8609	0.0
8610	0.0
8611	0.0
8612	0.0
8613	0.0
8614	0.0
8615	0.0
8616	0.0
8617	0.0
8618	0.0
8619	0.0
8620	0.0
8621	0.0
8622	0.0
8623	0.0
8624	0.0
8625	0.0
8626	0.0
8627	0.0
8628	0.0
8629	0.0
8630	0.0
8631	0.0
8632	0.0
8633	0.0
8634	0.0
8635	0.0
8636	0.0
8637	0.0
8638	0.0
8639	0.0
8640	0.0
8641	0.0
8642	0.0
8643	0.0
8644	0.0
8645	0.0
8646	0.0
8647	0.0
8648	0.0
8649	0.0
8650	0.0
8651	0.0
8652	0.0
8653	0.0
8654	0.0
8655	0.0
8656	0.0
8657	0.0
8658	0.0
8659	0.0
8660	0.0
8661	0.0
8662	0.0
8663	0.0
8664	0.0
8665	0.0
8666	0.0
8667	0.0
8668	0.0
8669	0.0
8670	0.0
8671	0.0
8672	0.0
8673	0.0
8674	0.0
8675	0.0
8676	0.0
8677	0.0
8678	0.0
8679	0.0
8680	0.0
8681	0.0
8682	0.0
8683	0.0
8684	0.0
8685	0.0
8686	0.0
8687	0.0
8688	0.0
8689	0.0
8690	0.0
8691	0.0
8692	0.0
8693	0.0
8694	0.0
8695	0.0
8696	0.0
8697	0.0
8698	0.0
8699	0.0
8700	0.0
8701	0.0
8702	0.0
8703	0.0
8704	0.0
8705	0.0
8706	0.0
8707	0.0
8708	0.0
8709	0.0
8710	0.0
8711	0.0
8712	0.0
8713	0.0
8714	0.0
8715	0.0
8716	0.0
8717	0.0
8718	0.0
8719	0.0
8720	0.0
8721	0.0
8722	0.0
8723	0.0
8724	0.0
8725	0.0
8726	0.0
8727	0.0
8728	0.0
8729	0.0
8730	0.0
8731	0.0
8732	0.0
8733	0.0
8734	0.0
8735	0.0
8736	0.0
8737	0.0
8738	0.0
8739	0.0
8740	0.0
8741	0.0
8742	0.0
8743	0.0
8744	0.0
8745	0.0
8746	0.0
8747	0.0
8748	0.0
8749	0.0
8750	0.0
8751	0.0
8752	0.0
8753	0.0
8754	0.0
8755	0.0
8756	0.0
8757	0.0
8758	0.0
8759	0.0
