Time [h]	WÃ¤rmebedarf 30 l Wasser einer Person [W]
0	11.1
1	11.1
2	11.1
3	0.0
4	0.0
5	11.1
6	33.4
7	66.9
8	89.2
9	66.9
10	55.7
11	55.7
12	66.9
13	66.9
14	55.7
15	44.6
16	44.6
17	55.7
18	66.9
19	78.0
20	78.0
21	66.9
22	55.7
23	22.3
24	11.1
25	11.1
26	11.1
27	0.0
28	0.0
29	11.1
30	33.4
31	66.9
32	89.2
33	66.9
34	55.7
35	55.7
36	66.9
37	66.9
38	55.7
39	44.6
40	44.6
41	55.7
42	66.9
43	78.0
44	78.0
45	66.9
46	55.7
47	22.3
48	11.1
49	11.1
50	11.1
51	0.0
52	0.0
53	11.1
54	33.4
55	66.9
56	89.2
57	66.9
58	55.7
59	55.7
60	66.9
61	66.9
62	55.7
63	44.6
64	44.6
65	55.7
66	66.9
67	78.0
68	78.0
69	66.9
70	55.7
71	22.3
72	11.1
73	11.1
74	11.1
75	0.0
76	0.0
77	11.1
78	33.4
79	66.9
80	89.2
81	66.9
82	55.7
83	55.7
84	66.9
85	66.9
86	55.7
87	44.6
88	44.6
89	55.7
90	66.9
91	78.0
92	78.0
93	66.9
94	55.7
95	22.3
96	11.1
97	11.1
98	11.1
99	0.0
100	0.0
101	11.1
102	33.4
103	66.9
104	89.2
105	66.9
106	55.7
107	55.7
108	66.9
109	66.9
110	55.7
111	44.6
112	44.6
113	55.7
114	66.9
115	78.0
116	78.0
117	66.9
118	55.7
119	22.3
120	11.1
121	11.1
122	11.1
123	0.0
124	0.0
125	11.1
126	33.4
127	66.9
128	89.2
129	66.9
130	55.7
131	55.7
132	66.9
133	66.9
134	55.7
135	44.6
136	44.6
137	55.7
138	66.9
139	78.0
140	78.0
141	66.9
142	55.7
143	22.3
144	11.1
145	11.1
146	11.1
147	0.0
148	0.0
149	11.1
150	33.4
151	66.9
152	89.2
153	66.9
154	55.7
155	55.7
156	66.9
157	66.9
158	55.7
159	44.6
160	44.6
161	55.7
162	66.9
163	78.0
164	78.0
165	66.9
166	55.7
167	22.3
168	11.1
169	11.1
170	11.1
171	0.0
172	0.0
173	11.1
174	33.4
175	66.9
176	89.2
177	66.9
178	55.7
179	55.7
180	66.9
181	66.9
182	55.7
183	44.6
184	44.6
185	55.7
186	66.9
187	78.0
188	78.0
189	66.9
190	55.7
191	22.3
192	11.1
193	11.1
194	11.1
195	0.0
196	0.0
197	11.1
198	33.4
199	66.9
200	89.2
201	66.9
202	55.7
203	55.7
204	66.9
205	66.9
206	55.7
207	44.6
208	44.6
209	55.7
210	66.9
211	78.0
212	78.0
213	66.9
214	55.7
215	22.3
216	11.1
217	11.1
218	11.1
219	0.0
220	0.0
221	11.1
222	33.4
223	66.9
224	89.2
225	66.9
226	55.7
227	55.7
228	66.9
229	66.9
230	55.7
231	44.6
232	44.6
233	55.7
234	66.9
235	78.0
236	78.0
237	66.9
238	55.7
239	22.3
240	11.1
241	11.1
242	11.1
243	0.0
244	0.0
245	11.1
246	33.4
247	66.9
248	89.2
249	66.9
250	55.7
251	55.7
252	66.9
253	66.9
254	55.7
255	44.6
256	44.6
257	55.7
258	66.9
259	78.0
260	78.0
261	66.9
262	55.7
263	22.3
264	11.1
265	11.1
266	11.1
267	0.0
268	0.0
269	11.1
270	33.4
271	66.9
272	89.2
273	66.9
274	55.7
275	55.7
276	66.9
277	66.9
278	55.7
279	44.6
280	44.6
281	55.7
282	66.9
283	78.0
284	78.0
285	66.9
286	55.7
287	22.3
288	11.1
289	11.1
290	11.1
291	0.0
292	0.0
293	11.1
294	33.4
295	66.9
296	89.2
297	66.9
298	55.7
299	55.7
300	66.9
301	66.9
302	55.7
303	44.6
304	44.6
305	55.7
306	66.9
307	78.0
308	78.0
309	66.9
310	55.7
311	22.3
312	11.1
313	11.1
314	11.1
315	0.0
316	0.0
317	11.1
318	33.4
319	66.9
320	89.2
321	66.9
322	55.7
323	55.7
324	66.9
325	66.9
326	55.7
327	44.6
328	44.6
329	55.7
330	66.9
331	78.0
332	78.0
333	66.9
334	55.7
335	22.3
336	11.1
337	11.1
338	11.1
339	0.0
340	0.0
341	11.1
342	33.4
343	66.9
344	89.2
345	66.9
346	55.7
347	55.7
348	66.9
349	66.9
350	55.7
351	44.6
352	44.6
353	55.7
354	66.9
355	78.0
356	78.0
357	66.9
358	55.7
359	22.3
360	11.1
361	11.1
362	11.1
363	0.0
364	0.0
365	11.1
366	33.4
367	66.9
368	89.2
369	66.9
370	55.7
371	55.7
372	66.9
373	66.9
374	55.7
375	44.6
376	44.6
377	55.7
378	66.9
379	78.0
380	78.0
381	66.9
382	55.7
383	22.3
384	11.1
385	11.1
386	11.1
387	0.0
388	0.0
389	11.1
390	33.4
391	66.9
392	89.2
393	66.9
394	55.7
395	55.7
396	66.9
397	66.9
398	55.7
399	44.6
400	44.6
401	55.7
402	66.9
403	78.0
404	78.0
405	66.9
406	55.7
407	22.3
408	11.1
409	11.1
410	11.1
411	0.0
412	0.0
413	11.1
414	33.4
415	66.9
416	89.2
417	66.9
418	55.7
419	55.7
420	66.9
421	66.9
422	55.7
423	44.6
424	44.6
425	55.7
426	66.9
427	78.0
428	78.0
429	66.9
430	55.7
431	22.3
432	11.1
433	11.1
434	11.1
435	0.0
436	0.0
437	11.1
438	33.4
439	66.9
440	89.2
441	66.9
442	55.7
443	55.7
444	66.9
445	66.9
446	55.7
447	44.6
448	44.6
449	55.7
450	66.9
451	78.0
452	78.0
453	66.9
454	55.7
455	22.3
456	11.1
457	11.1
458	11.1
459	0.0
460	0.0
461	11.1
462	33.4
463	66.9
464	89.2
465	66.9
466	55.7
467	55.7
468	66.9
469	66.9
470	55.7
471	44.6
472	44.6
473	55.7
474	66.9
475	78.0
476	78.0
477	66.9
478	55.7
479	22.3
480	11.1
481	11.1
482	11.1
483	0.0
484	0.0
485	11.1
486	33.4
487	66.9
488	89.2
489	66.9
490	55.7
491	55.7
492	66.9
493	66.9
494	55.7
495	44.6
496	44.6
497	55.7
498	66.9
499	78.0
500	78.0
501	66.9
502	55.7
503	22.3
504	11.1
505	11.1
506	11.1
507	0.0
508	0.0
509	11.1
510	33.4
511	66.9
512	89.2
513	66.9
514	55.7
515	55.7
516	66.9
517	66.9
518	55.7
519	44.6
520	44.6
521	55.7
522	66.9
523	78.0
524	78.0
525	66.9
526	55.7
527	22.3
528	11.1
529	11.1
530	11.1
531	0.0
532	0.0
533	11.1
534	33.4
535	66.9
536	89.2
537	66.9
538	55.7
539	55.7
540	66.9
541	66.9
542	55.7
543	44.6
544	44.6
545	55.7
546	66.9
547	78.0
548	78.0
549	66.9
550	55.7
551	22.3
552	11.1
553	11.1
554	11.1
555	0.0
556	0.0
557	11.1
558	33.4
559	66.9
560	89.2
561	66.9
562	55.7
563	55.7
564	66.9
565	66.9
566	55.7
567	44.6
568	44.6
569	55.7
570	66.9
571	78.0
572	78.0
573	66.9
574	55.7
575	22.3
576	11.1
577	11.1
578	11.1
579	0.0
580	0.0
581	11.1
582	33.4
583	66.9
584	89.2
585	66.9
586	55.7
587	55.7
588	66.9
589	66.9
590	55.7
591	44.6
592	44.6
593	55.7
594	66.9
595	78.0
596	78.0
597	66.9
598	55.7
599	22.3
600	11.1
601	11.1
602	11.1
603	0.0
604	0.0
605	11.1
606	33.4
607	66.9
608	89.2
609	66.9
610	55.7
611	55.7
612	66.9
613	66.9
614	55.7
615	44.6
616	44.6
617	55.7
618	66.9
619	78.0
620	78.0
621	66.9
622	55.7
623	22.3
624	11.1
625	11.1
626	11.1
627	0.0
628	0.0
629	11.1
630	33.4
631	66.9
632	89.2
633	66.9
634	55.7
635	55.7
636	66.9
637	66.9
638	55.7
639	44.6
640	44.6
641	55.7
642	66.9
643	78.0
644	78.0
645	66.9
646	55.7
647	22.3
648	11.1
649	11.1
650	11.1
651	0.0
652	0.0
653	11.1
654	33.4
655	66.9
656	89.2
657	66.9
658	55.7
659	55.7
660	66.9
661	66.9
662	55.7
663	44.6
664	44.6
665	55.7
666	66.9
667	78.0
668	78.0
669	66.9
670	55.7
671	22.3
672	11.1
673	11.1
674	11.1
675	0.0
676	0.0
677	11.1
678	33.4
679	66.9
680	89.2
681	66.9
682	55.7
683	55.7
684	66.9
685	66.9
686	55.7
687	44.6
688	44.6
689	55.7
690	66.9
691	78.0
692	78.0
693	66.9
694	55.7
695	22.3
696	11.1
697	11.1
698	11.1
699	0.0
700	0.0
701	11.1
702	33.4
703	66.9
704	89.2
705	66.9
706	55.7
707	55.7
708	66.9
709	66.9
710	55.7
711	44.6
712	44.6
713	55.7
714	66.9
715	78.0
716	78.0
717	66.9
718	55.7
719	22.3
720	11.1
721	11.1
722	11.1
723	0.0
724	0.0
725	11.1
726	33.4
727	66.9
728	89.2
729	66.9
730	55.7
731	55.7
732	66.9
733	66.9
734	55.7
735	44.6
736	44.6
737	55.7
738	66.9
739	78.0
740	78.0
741	66.9
742	55.7
743	22.3
744	11.1
745	11.1
746	11.1
747	0.0
748	0.0
749	11.1
750	33.4
751	66.9
752	89.2
753	66.9
754	55.7
755	55.7
756	66.9
757	66.9
758	55.7
759	44.6
760	44.6
761	55.7
762	66.9
763	78.0
764	78.0
765	66.9
766	55.7
767	22.3
768	11.1
769	11.1
770	11.1
771	0.0
772	0.0
773	11.1
774	33.4
775	66.9
776	89.2
777	66.9
778	55.7
779	55.7
780	66.9
781	66.9
782	55.7
783	44.6
784	44.6
785	55.7
786	66.9
787	78.0
788	78.0
789	66.9
790	55.7
791	22.3
792	11.1
793	11.1
794	11.1
795	0.0
796	0.0
797	11.1
798	33.4
799	66.9
800	89.2
801	66.9
802	55.7
803	55.7
804	66.9
805	66.9
806	55.7
807	44.6
808	44.6
809	55.7
810	66.9
811	78.0
812	78.0
813	66.9
814	55.7
815	22.3
816	11.1
817	11.1
818	11.1
819	0.0
820	0.0
821	11.1
822	33.4
823	66.9
824	89.2
825	66.9
826	55.7
827	55.7
828	66.9
829	66.9
830	55.7
831	44.6
832	44.6
833	55.7
834	66.9
835	78.0
836	78.0
837	66.9
838	55.7
839	22.3
840	11.1
841	11.1
842	11.1
843	0.0
844	0.0
845	11.1
846	33.4
847	66.9
848	89.2
849	66.9
850	55.7
851	55.7
852	66.9
853	66.9
854	55.7
855	44.6
856	44.6
857	55.7
858	66.9
859	78.0
860	78.0
861	66.9
862	55.7
863	22.3
864	11.1
865	11.1
866	11.1
867	0.0
868	0.0
869	11.1
870	33.4
871	66.9
872	89.2
873	66.9
874	55.7
875	55.7
876	66.9
877	66.9
878	55.7
879	44.6
880	44.6
881	55.7
882	66.9
883	78.0
884	78.0
885	66.9
886	55.7
887	22.3
888	11.1
889	11.1
890	11.1
891	0.0
892	0.0
893	11.1
894	33.4
895	66.9
896	89.2
897	66.9
898	55.7
899	55.7
900	66.9
901	66.9
902	55.7
903	44.6
904	44.6
905	55.7
906	66.9
907	78.0
908	78.0
909	66.9
910	55.7
911	22.3
912	11.1
913	11.1
914	11.1
915	0.0
916	0.0
917	11.1
918	33.4
919	66.9
920	89.2
921	66.9
922	55.7
923	55.7
924	66.9
925	66.9
926	55.7
927	44.6
928	44.6
929	55.7
930	66.9
931	78.0
932	78.0
933	66.9
934	55.7
935	22.3
936	11.1
937	11.1
938	11.1
939	0.0
940	0.0
941	11.1
942	33.4
943	66.9
944	89.2
945	66.9
946	55.7
947	55.7
948	66.9
949	66.9
950	55.7
951	44.6
952	44.6
953	55.7
954	66.9
955	78.0
956	78.0
957	66.9
958	55.7
959	22.3
960	11.1
961	11.1
962	11.1
963	0.0
964	0.0
965	11.1
966	33.4
967	66.9
968	89.2
969	66.9
970	55.7
971	55.7
972	66.9
973	66.9
974	55.7
975	44.6
976	44.6
977	55.7
978	66.9
979	78.0
980	78.0
981	66.9
982	55.7
983	22.3
984	11.1
985	11.1
986	11.1
987	0.0
988	0.0
989	11.1
990	33.4
991	66.9
992	89.2
993	66.9
994	55.7
995	55.7
996	66.9
997	66.9
998	55.7
999	44.6
1000	44.6
1001	55.7
1002	66.9
1003	78.0
1004	78.0
1005	66.9
1006	55.7
1007	22.3
1008	11.1
1009	11.1
1010	11.1
1011	0.0
1012	0.0
1013	11.1
1014	33.4
1015	66.9
1016	89.2
1017	66.9
1018	55.7
1019	55.7
1020	66.9
1021	66.9
1022	55.7
1023	44.6
1024	44.6
1025	55.7
1026	66.9
1027	78.0
1028	78.0
1029	66.9
1030	55.7
1031	22.3
1032	11.1
1033	11.1
1034	11.1
1035	0.0
1036	0.0
1037	11.1
1038	33.4
1039	66.9
1040	89.2
1041	66.9
1042	55.7
1043	55.7
1044	66.9
1045	66.9
1046	55.7
1047	44.6
1048	44.6
1049	55.7
1050	66.9
1051	78.0
1052	78.0
1053	66.9
1054	55.7
1055	22.3
1056	11.1
1057	11.1
1058	11.1
1059	0.0
1060	0.0
1061	11.1
1062	33.4
1063	66.9
1064	89.2
1065	66.9
1066	55.7
1067	55.7
1068	66.9
1069	66.9
1070	55.7
1071	44.6
1072	44.6
1073	55.7
1074	66.9
1075	78.0
1076	78.0
1077	66.9
1078	55.7
1079	22.3
1080	11.1
1081	11.1
1082	11.1
1083	0.0
1084	0.0
1085	11.1
1086	33.4
1087	66.9
1088	89.2
1089	66.9
1090	55.7
1091	55.7
1092	66.9
1093	66.9
1094	55.7
1095	44.6
1096	44.6
1097	55.7
1098	66.9
1099	78.0
1100	78.0
1101	66.9
1102	55.7
1103	22.3
1104	11.1
1105	11.1
1106	11.1
1107	0.0
1108	0.0
1109	11.1
1110	33.4
1111	66.9
1112	89.2
1113	66.9
1114	55.7
1115	55.7
1116	66.9
1117	66.9
1118	55.7
1119	44.6
1120	44.6
1121	55.7
1122	66.9
1123	78.0
1124	78.0
1125	66.9
1126	55.7
1127	22.3
1128	11.1
1129	11.1
1130	11.1
1131	0.0
1132	0.0
1133	11.1
1134	33.4
1135	66.9
1136	89.2
1137	66.9
1138	55.7
1139	55.7
1140	66.9
1141	66.9
1142	55.7
1143	44.6
1144	44.6
1145	55.7
1146	66.9
1147	78.0
1148	78.0
1149	66.9
1150	55.7
1151	22.3
1152	11.1
1153	11.1
1154	11.1
1155	0.0
1156	0.0
1157	11.1
1158	33.4
1159	66.9
1160	89.2
1161	66.9
1162	55.7
1163	55.7
1164	66.9
1165	66.9
1166	55.7
1167	44.6
1168	44.6
1169	55.7
1170	66.9
1171	78.0
1172	78.0
1173	66.9
1174	55.7
1175	22.3
1176	11.1
1177	11.1
1178	11.1
1179	0.0
1180	0.0
1181	11.1
1182	33.4
1183	66.9
1184	89.2
1185	66.9
1186	55.7
1187	55.7
1188	66.9
1189	66.9
1190	55.7
1191	44.6
1192	44.6
1193	55.7
1194	66.9
1195	78.0
1196	78.0
1197	66.9
1198	55.7
1199	22.3
1200	11.1
1201	11.1
1202	11.1
1203	0.0
1204	0.0
1205	11.1
1206	33.4
1207	66.9
1208	89.2
1209	66.9
1210	55.7
1211	55.7
1212	66.9
1213	66.9
1214	55.7
1215	44.6
1216	44.6
1217	55.7
1218	66.9
1219	78.0
1220	78.0
1221	66.9
1222	55.7
1223	22.3
1224	11.1
1225	11.1
1226	11.1
1227	0.0
1228	0.0
1229	11.1
1230	33.4
1231	66.9
1232	89.2
1233	66.9
1234	55.7
1235	55.7
1236	66.9
1237	66.9
1238	55.7
1239	44.6
1240	44.6
1241	55.7
1242	66.9
1243	78.0
1244	78.0
1245	66.9
1246	55.7
1247	22.3
1248	11.1
1249	11.1
1250	11.1
1251	0.0
1252	0.0
1253	11.1
1254	33.4
1255	66.9
1256	89.2
1257	66.9
1258	55.7
1259	55.7
1260	66.9
1261	66.9
1262	55.7
1263	44.6
1264	44.6
1265	55.7
1266	66.9
1267	78.0
1268	78.0
1269	66.9
1270	55.7
1271	22.3
1272	11.1
1273	11.1
1274	11.1
1275	0.0
1276	0.0
1277	11.1
1278	33.4
1279	66.9
1280	89.2
1281	66.9
1282	55.7
1283	55.7
1284	66.9
1285	66.9
1286	55.7
1287	44.6
1288	44.6
1289	55.7
1290	66.9
1291	78.0
1292	78.0
1293	66.9
1294	55.7
1295	22.3
1296	11.1
1297	11.1
1298	11.1
1299	0.0
1300	0.0
1301	11.1
1302	33.4
1303	66.9
1304	89.2
1305	66.9
1306	55.7
1307	55.7
1308	66.9
1309	66.9
1310	55.7
1311	44.6
1312	44.6
1313	55.7
1314	66.9
1315	78.0
1316	78.0
1317	66.9
1318	55.7
1319	22.3
1320	11.1
1321	11.1
1322	11.1
1323	0.0
1324	0.0
1325	11.1
1326	33.4
1327	66.9
1328	89.2
1329	66.9
1330	55.7
1331	55.7
1332	66.9
1333	66.9
1334	55.7
1335	44.6
1336	44.6
1337	55.7
1338	66.9
1339	78.0
1340	78.0
1341	66.9
1342	55.7
1343	22.3
1344	11.1
1345	11.1
1346	11.1
1347	0.0
1348	0.0
1349	11.1
1350	33.4
1351	66.9
1352	89.2
1353	66.9
1354	55.7
1355	55.7
1356	66.9
1357	66.9
1358	55.7
1359	44.6
1360	44.6
1361	55.7
1362	66.9
1363	78.0
1364	78.0
1365	66.9
1366	55.7
1367	22.3
1368	11.1
1369	11.1
1370	11.1
1371	0.0
1372	0.0
1373	11.1
1374	33.4
1375	66.9
1376	89.2
1377	66.9
1378	55.7
1379	55.7
1380	66.9
1381	66.9
1382	55.7
1383	44.6
1384	44.6
1385	55.7
1386	66.9
1387	78.0
1388	78.0
1389	66.9
1390	55.7
1391	22.3
1392	11.1
1393	11.1
1394	11.1
1395	0.0
1396	0.0
1397	11.1
1398	33.4
1399	66.9
1400	89.2
1401	66.9
1402	55.7
1403	55.7
1404	66.9
1405	66.9
1406	55.7
1407	44.6
1408	44.6
1409	55.7
1410	66.9
1411	78.0
1412	78.0
1413	66.9
1414	55.7
1415	22.3
1416	11.1
1417	11.1
1418	11.1
1419	0.0
1420	0.0
1421	11.1
1422	33.4
1423	66.9
1424	89.2
1425	66.9
1426	55.7
1427	55.7
1428	66.9
1429	66.9
1430	55.7
1431	44.6
1432	44.6
1433	55.7
1434	66.9
1435	78.0
1436	78.0
1437	66.9
1438	55.7
1439	22.3
1440	11.1
1441	11.1
1442	11.1
1443	0.0
1444	0.0
1445	11.1
1446	33.4
1447	66.9
1448	89.2
1449	66.9
1450	55.7
1451	55.7
1452	66.9
1453	66.9
1454	55.7
1455	44.6
1456	44.6
1457	55.7
1458	66.9
1459	78.0
1460	78.0
1461	66.9
1462	55.7
1463	22.3
1464	11.1
1465	11.1
1466	11.1
1467	0.0
1468	0.0
1469	11.1
1470	33.4
1471	66.9
1472	89.2
1473	66.9
1474	55.7
1475	55.7
1476	66.9
1477	66.9
1478	55.7
1479	44.6
1480	44.6
1481	55.7
1482	66.9
1483	78.0
1484	78.0
1485	66.9
1486	55.7
1487	22.3
1488	11.1
1489	11.1
1490	11.1
1491	0.0
1492	0.0
1493	11.1
1494	33.4
1495	66.9
1496	89.2
1497	66.9
1498	55.7
1499	55.7
1500	66.9
1501	66.9
1502	55.7
1503	44.6
1504	44.6
1505	55.7
1506	66.9
1507	78.0
1508	78.0
1509	66.9
1510	55.7
1511	22.3
1512	11.1
1513	11.1
1514	11.1
1515	0.0
1516	0.0
1517	11.1
1518	33.4
1519	66.9
1520	89.2
1521	66.9
1522	55.7
1523	55.7
1524	66.9
1525	66.9
1526	55.7
1527	44.6
1528	44.6
1529	55.7
1530	66.9
1531	78.0
1532	78.0
1533	66.9
1534	55.7
1535	22.3
1536	11.1
1537	11.1
1538	11.1
1539	0.0
1540	0.0
1541	11.1
1542	33.4
1543	66.9
1544	89.2
1545	66.9
1546	55.7
1547	55.7
1548	66.9
1549	66.9
1550	55.7
1551	44.6
1552	44.6
1553	55.7
1554	66.9
1555	78.0
1556	78.0
1557	66.9
1558	55.7
1559	22.3
1560	11.1
1561	11.1
1562	11.1
1563	0.0
1564	0.0
1565	11.1
1566	33.4
1567	66.9
1568	89.2
1569	66.9
1570	55.7
1571	55.7
1572	66.9
1573	66.9
1574	55.7
1575	44.6
1576	44.6
1577	55.7
1578	66.9
1579	78.0
1580	78.0
1581	66.9
1582	55.7
1583	22.3
1584	11.1
1585	11.1
1586	11.1
1587	0.0
1588	0.0
1589	11.1
1590	33.4
1591	66.9
1592	89.2
1593	66.9
1594	55.7
1595	55.7
1596	66.9
1597	66.9
1598	55.7
1599	44.6
1600	44.6
1601	55.7
1602	66.9
1603	78.0
1604	78.0
1605	66.9
1606	55.7
1607	22.3
1608	11.1
1609	11.1
1610	11.1
1611	0.0
1612	0.0
1613	11.1
1614	33.4
1615	66.9
1616	89.2
1617	66.9
1618	55.7
1619	55.7
1620	66.9
1621	66.9
1622	55.7
1623	44.6
1624	44.6
1625	55.7
1626	66.9
1627	78.0
1628	78.0
1629	66.9
1630	55.7
1631	22.3
1632	11.1
1633	11.1
1634	11.1
1635	0.0
1636	0.0
1637	11.1
1638	33.4
1639	66.9
1640	89.2
1641	66.9
1642	55.7
1643	55.7
1644	66.9
1645	66.9
1646	55.7
1647	44.6
1648	44.6
1649	55.7
1650	66.9
1651	78.0
1652	78.0
1653	66.9
1654	55.7
1655	22.3
1656	11.1
1657	11.1
1658	11.1
1659	0.0
1660	0.0
1661	11.1
1662	33.4
1663	66.9
1664	89.2
1665	66.9
1666	55.7
1667	55.7
1668	66.9
1669	66.9
1670	55.7
1671	44.6
1672	44.6
1673	55.7
1674	66.9
1675	78.0
1676	78.0
1677	66.9
1678	55.7
1679	22.3
1680	11.1
1681	11.1
1682	11.1
1683	0.0
1684	0.0
1685	11.1
1686	33.4
1687	66.9
1688	89.2
1689	66.9
1690	55.7
1691	55.7
1692	66.9
1693	66.9
1694	55.7
1695	44.6
1696	44.6
1697	55.7
1698	66.9
1699	78.0
1700	78.0
1701	66.9
1702	55.7
1703	22.3
1704	11.1
1705	11.1
1706	11.1
1707	0.0
1708	0.0
1709	11.1
1710	33.4
1711	66.9
1712	89.2
1713	66.9
1714	55.7
1715	55.7
1716	66.9
1717	66.9
1718	55.7
1719	44.6
1720	44.6
1721	55.7
1722	66.9
1723	78.0
1724	78.0
1725	66.9
1726	55.7
1727	22.3
1728	11.1
1729	11.1
1730	11.1
1731	0.0
1732	0.0
1733	11.1
1734	33.4
1735	66.9
1736	89.2
1737	66.9
1738	55.7
1739	55.7
1740	66.9
1741	66.9
1742	55.7
1743	44.6
1744	44.6
1745	55.7
1746	66.9
1747	78.0
1748	78.0
1749	66.9
1750	55.7
1751	22.3
1752	11.1
1753	11.1
1754	11.1
1755	0.0
1756	0.0
1757	11.1
1758	33.4
1759	66.9
1760	89.2
1761	66.9
1762	55.7
1763	55.7
1764	66.9
1765	66.9
1766	55.7
1767	44.6
1768	44.6
1769	55.7
1770	66.9
1771	78.0
1772	78.0
1773	66.9
1774	55.7
1775	22.3
1776	11.1
1777	11.1
1778	11.1
1779	0.0
1780	0.0
1781	11.1
1782	33.4
1783	66.9
1784	89.2
1785	66.9
1786	55.7
1787	55.7
1788	66.9
1789	66.9
1790	55.7
1791	44.6
1792	44.6
1793	55.7
1794	66.9
1795	78.0
1796	78.0
1797	66.9
1798	55.7
1799	22.3
1800	11.1
1801	11.1
1802	11.1
1803	0.0
1804	0.0
1805	11.1
1806	33.4
1807	66.9
1808	89.2
1809	66.9
1810	55.7
1811	55.7
1812	66.9
1813	66.9
1814	55.7
1815	44.6
1816	44.6
1817	55.7
1818	66.9
1819	78.0
1820	78.0
1821	66.9
1822	55.7
1823	22.3
1824	11.1
1825	11.1
1826	11.1
1827	0.0
1828	0.0
1829	11.1
1830	33.4
1831	66.9
1832	89.2
1833	66.9
1834	55.7
1835	55.7
1836	66.9
1837	66.9
1838	55.7
1839	44.6
1840	44.6
1841	55.7
1842	66.9
1843	78.0
1844	78.0
1845	66.9
1846	55.7
1847	22.3
1848	11.1
1849	11.1
1850	11.1
1851	0.0
1852	0.0
1853	11.1
1854	33.4
1855	66.9
1856	89.2
1857	66.9
1858	55.7
1859	55.7
1860	66.9
1861	66.9
1862	55.7
1863	44.6
1864	44.6
1865	55.7
1866	66.9
1867	78.0
1868	78.0
1869	66.9
1870	55.7
1871	22.3
1872	11.1
1873	11.1
1874	11.1
1875	0.0
1876	0.0
1877	11.1
1878	33.4
1879	66.9
1880	89.2
1881	66.9
1882	55.7
1883	55.7
1884	66.9
1885	66.9
1886	55.7
1887	44.6
1888	44.6
1889	55.7
1890	66.9
1891	78.0
1892	78.0
1893	66.9
1894	55.7
1895	22.3
1896	11.1
1897	11.1
1898	11.1
1899	0.0
1900	0.0
1901	11.1
1902	33.4
1903	66.9
1904	89.2
1905	66.9
1906	55.7
1907	55.7
1908	66.9
1909	66.9
1910	55.7
1911	44.6
1912	44.6
1913	55.7
1914	66.9
1915	78.0
1916	78.0
1917	66.9
1918	55.7
1919	22.3
1920	11.1
1921	11.1
1922	11.1
1923	0.0
1924	0.0
1925	11.1
1926	33.4
1927	66.9
1928	89.2
1929	66.9
1930	55.7
1931	55.7
1932	66.9
1933	66.9
1934	55.7
1935	44.6
1936	44.6
1937	55.7
1938	66.9
1939	78.0
1940	78.0
1941	66.9
1942	55.7
1943	22.3
1944	11.1
1945	11.1
1946	11.1
1947	0.0
1948	0.0
1949	11.1
1950	33.4
1951	66.9
1952	89.2
1953	66.9
1954	55.7
1955	55.7
1956	66.9
1957	66.9
1958	55.7
1959	44.6
1960	44.6
1961	55.7
1962	66.9
1963	78.0
1964	78.0
1965	66.9
1966	55.7
1967	22.3
1968	11.1
1969	11.1
1970	11.1
1971	0.0
1972	0.0
1973	11.1
1974	33.4
1975	66.9
1976	89.2
1977	66.9
1978	55.7
1979	55.7
1980	66.9
1981	66.9
1982	55.7
1983	44.6
1984	44.6
1985	55.7
1986	66.9
1987	78.0
1988	78.0
1989	66.9
1990	55.7
1991	22.3
1992	11.1
1993	11.1
1994	11.1
1995	0.0
1996	0.0
1997	11.1
1998	33.4
1999	66.9
2000	89.2
2001	66.9
2002	55.7
2003	55.7
2004	66.9
2005	66.9
2006	55.7
2007	44.6
2008	44.6
2009	55.7
2010	66.9
2011	78.0
2012	78.0
2013	66.9
2014	55.7
2015	22.3
2016	11.1
2017	11.1
2018	11.1
2019	0.0
2020	0.0
2021	11.1
2022	33.4
2023	66.9
2024	89.2
2025	66.9
2026	55.7
2027	55.7
2028	66.9
2029	66.9
2030	55.7
2031	44.6
2032	44.6
2033	55.7
2034	66.9
2035	78.0
2036	78.0
2037	66.9
2038	55.7
2039	22.3
2040	11.1
2041	11.1
2042	11.1
2043	0.0
2044	0.0
2045	11.1
2046	33.4
2047	66.9
2048	89.2
2049	66.9
2050	55.7
2051	55.7
2052	66.9
2053	66.9
2054	55.7
2055	44.6
2056	44.6
2057	55.7
2058	66.9
2059	78.0
2060	78.0
2061	66.9
2062	55.7
2063	22.3
2064	11.1
2065	11.1
2066	11.1
2067	0.0
2068	0.0
2069	11.1
2070	33.4
2071	66.9
2072	89.2
2073	66.9
2074	55.7
2075	55.7
2076	66.9
2077	66.9
2078	55.7
2079	44.6
2080	44.6
2081	55.7
2082	66.9
2083	78.0
2084	78.0
2085	66.9
2086	55.7
2087	22.3
2088	11.1
2089	11.1
2090	11.1
2091	0.0
2092	0.0
2093	11.1
2094	33.4
2095	66.9
2096	89.2
2097	66.9
2098	55.7
2099	55.7
2100	66.9
2101	66.9
2102	55.7
2103	44.6
2104	44.6
2105	55.7
2106	66.9
2107	78.0
2108	78.0
2109	66.9
2110	55.7
2111	22.3
2112	11.1
2113	11.1
2114	11.1
2115	0.0
2116	0.0
2117	11.1
2118	33.4
2119	66.9
2120	89.2
2121	66.9
2122	55.7
2123	55.7
2124	66.9
2125	66.9
2126	55.7
2127	44.6
2128	44.6
2129	55.7
2130	66.9
2131	78.0
2132	78.0
2133	66.9
2134	55.7
2135	22.3
2136	11.1
2137	11.1
2138	11.1
2139	0.0
2140	0.0
2141	11.1
2142	33.4
2143	66.9
2144	89.2
2145	66.9
2146	55.7
2147	55.7
2148	66.9
2149	66.9
2150	55.7
2151	44.6
2152	44.6
2153	55.7
2154	66.9
2155	78.0
2156	78.0
2157	66.9
2158	55.7
2159	22.3
2160	11.1
2161	11.1
2162	11.1
2163	0.0
2164	0.0
2165	11.1
2166	33.4
2167	66.9
2168	89.2
2169	66.9
2170	55.7
2171	55.7
2172	66.9
2173	66.9
2174	55.7
2175	44.6
2176	44.6
2177	55.7
2178	66.9
2179	78.0
2180	78.0
2181	66.9
2182	55.7
2183	22.3
2184	11.1
2185	11.1
2186	11.1
2187	0.0
2188	0.0
2189	11.1
2190	33.4
2191	66.9
2192	89.2
2193	66.9
2194	55.7
2195	55.7
2196	66.9
2197	66.9
2198	55.7
2199	44.6
2200	44.6
2201	55.7
2202	66.9
2203	78.0
2204	78.0
2205	66.9
2206	55.7
2207	22.3
2208	11.1
2209	11.1
2210	11.1
2211	0.0
2212	0.0
2213	11.1
2214	33.4
2215	66.9
2216	89.2
2217	66.9
2218	55.7
2219	55.7
2220	66.9
2221	66.9
2222	55.7
2223	44.6
2224	44.6
2225	55.7
2226	66.9
2227	78.0
2228	78.0
2229	66.9
2230	55.7
2231	22.3
2232	11.1
2233	11.1
2234	11.1
2235	0.0
2236	0.0
2237	11.1
2238	33.4
2239	66.9
2240	89.2
2241	66.9
2242	55.7
2243	55.7
2244	66.9
2245	66.9
2246	55.7
2247	44.6
2248	44.6
2249	55.7
2250	66.9
2251	78.0
2252	78.0
2253	66.9
2254	55.7
2255	22.3
2256	11.1
2257	11.1
2258	11.1
2259	0.0
2260	0.0
2261	11.1
2262	33.4
2263	66.9
2264	89.2
2265	66.9
2266	55.7
2267	55.7
2268	66.9
2269	66.9
2270	55.7
2271	44.6
2272	44.6
2273	55.7
2274	66.9
2275	78.0
2276	78.0
2277	66.9
2278	55.7
2279	22.3
2280	11.1
2281	11.1
2282	11.1
2283	0.0
2284	0.0
2285	11.1
2286	33.4
2287	66.9
2288	89.2
2289	66.9
2290	55.7
2291	55.7
2292	66.9
2293	66.9
2294	55.7
2295	44.6
2296	44.6
2297	55.7
2298	66.9
2299	78.0
2300	78.0
2301	66.9
2302	55.7
2303	22.3
2304	11.1
2305	11.1
2306	11.1
2307	0.0
2308	0.0
2309	11.1
2310	33.4
2311	66.9
2312	89.2
2313	66.9
2314	55.7
2315	55.7
2316	66.9
2317	66.9
2318	55.7
2319	44.6
2320	44.6
2321	55.7
2322	66.9
2323	78.0
2324	78.0
2325	66.9
2326	55.7
2327	22.3
2328	11.1
2329	11.1
2330	11.1
2331	0.0
2332	0.0
2333	11.1
2334	33.4
2335	66.9
2336	89.2
2337	66.9
2338	55.7
2339	55.7
2340	66.9
2341	66.9
2342	55.7
2343	44.6
2344	44.6
2345	55.7
2346	66.9
2347	78.0
2348	78.0
2349	66.9
2350	55.7
2351	22.3
2352	11.1
2353	11.1
2354	11.1
2355	0.0
2356	0.0
2357	11.1
2358	33.4
2359	66.9
2360	89.2
2361	66.9
2362	55.7
2363	55.7
2364	66.9
2365	66.9
2366	55.7
2367	44.6
2368	44.6
2369	55.7
2370	66.9
2371	78.0
2372	78.0
2373	66.9
2374	55.7
2375	22.3
2376	11.1
2377	11.1
2378	11.1
2379	0.0
2380	0.0
2381	11.1
2382	33.4
2383	66.9
2384	89.2
2385	66.9
2386	55.7
2387	55.7
2388	66.9
2389	66.9
2390	55.7
2391	44.6
2392	44.6
2393	55.7
2394	66.9
2395	78.0
2396	78.0
2397	66.9
2398	55.7
2399	22.3
2400	11.1
2401	11.1
2402	11.1
2403	0.0
2404	0.0
2405	11.1
2406	33.4
2407	66.9
2408	89.2
2409	66.9
2410	55.7
2411	55.7
2412	66.9
2413	66.9
2414	55.7
2415	44.6
2416	44.6
2417	55.7
2418	66.9
2419	78.0
2420	78.0
2421	66.9
2422	55.7
2423	22.3
2424	11.1
2425	11.1
2426	11.1
2427	0.0
2428	0.0
2429	11.1
2430	33.4
2431	66.9
2432	89.2
2433	66.9
2434	55.7
2435	55.7
2436	66.9
2437	66.9
2438	55.7
2439	44.6
2440	44.6
2441	55.7
2442	66.9
2443	78.0
2444	78.0
2445	66.9
2446	55.7
2447	22.3
2448	11.1
2449	11.1
2450	11.1
2451	0.0
2452	0.0
2453	11.1
2454	33.4
2455	66.9
2456	89.2
2457	66.9
2458	55.7
2459	55.7
2460	66.9
2461	66.9
2462	55.7
2463	44.6
2464	44.6
2465	55.7
2466	66.9
2467	78.0
2468	78.0
2469	66.9
2470	55.7
2471	22.3
2472	11.1
2473	11.1
2474	11.1
2475	0.0
2476	0.0
2477	11.1
2478	33.4
2479	66.9
2480	89.2
2481	66.9
2482	55.7
2483	55.7
2484	66.9
2485	66.9
2486	55.7
2487	44.6
2488	44.6
2489	55.7
2490	66.9
2491	78.0
2492	78.0
2493	66.9
2494	55.7
2495	22.3
2496	11.1
2497	11.1
2498	11.1
2499	0.0
2500	0.0
2501	11.1
2502	33.4
2503	66.9
2504	89.2
2505	66.9
2506	55.7
2507	55.7
2508	66.9
2509	66.9
2510	55.7
2511	44.6
2512	44.6
2513	55.7
2514	66.9
2515	78.0
2516	78.0
2517	66.9
2518	55.7
2519	22.3
2520	11.1
2521	11.1
2522	11.1
2523	0.0
2524	0.0
2525	11.1
2526	33.4
2527	66.9
2528	89.2
2529	66.9
2530	55.7
2531	55.7
2532	66.9
2533	66.9
2534	55.7
2535	44.6
2536	44.6
2537	55.7
2538	66.9
2539	78.0
2540	78.0
2541	66.9
2542	55.7
2543	22.3
2544	11.1
2545	11.1
2546	11.1
2547	0.0
2548	0.0
2549	11.1
2550	33.4
2551	66.9
2552	89.2
2553	66.9
2554	55.7
2555	55.7
2556	66.9
2557	66.9
2558	55.7
2559	44.6
2560	44.6
2561	55.7
2562	66.9
2563	78.0
2564	78.0
2565	66.9
2566	55.7
2567	22.3
2568	11.1
2569	11.1
2570	11.1
2571	0.0
2572	0.0
2573	11.1
2574	33.4
2575	66.9
2576	89.2
2577	66.9
2578	55.7
2579	55.7
2580	66.9
2581	66.9
2582	55.7
2583	44.6
2584	44.6
2585	55.7
2586	66.9
2587	78.0
2588	78.0
2589	66.9
2590	55.7
2591	22.3
2592	11.1
2593	11.1
2594	11.1
2595	0.0
2596	0.0
2597	11.1
2598	33.4
2599	66.9
2600	89.2
2601	66.9
2602	55.7
2603	55.7
2604	66.9
2605	66.9
2606	55.7
2607	44.6
2608	44.6
2609	55.7
2610	66.9
2611	78.0
2612	78.0
2613	66.9
2614	55.7
2615	22.3
2616	11.1
2617	11.1
2618	11.1
2619	0.0
2620	0.0
2621	11.1
2622	33.4
2623	66.9
2624	89.2
2625	66.9
2626	55.7
2627	55.7
2628	66.9
2629	66.9
2630	55.7
2631	44.6
2632	44.6
2633	55.7
2634	66.9
2635	78.0
2636	78.0
2637	66.9
2638	55.7
2639	22.3
2640	11.1
2641	11.1
2642	11.1
2643	0.0
2644	0.0
2645	11.1
2646	33.4
2647	66.9
2648	89.2
2649	66.9
2650	55.7
2651	55.7
2652	66.9
2653	66.9
2654	55.7
2655	44.6
2656	44.6
2657	55.7
2658	66.9
2659	78.0
2660	78.0
2661	66.9
2662	55.7
2663	22.3
2664	11.1
2665	11.1
2666	11.1
2667	0.0
2668	0.0
2669	11.1
2670	33.4
2671	66.9
2672	89.2
2673	66.9
2674	55.7
2675	55.7
2676	66.9
2677	66.9
2678	55.7
2679	44.6
2680	44.6
2681	55.7
2682	66.9
2683	78.0
2684	78.0
2685	66.9
2686	55.7
2687	22.3
2688	11.1
2689	11.1
2690	11.1
2691	0.0
2692	0.0
2693	11.1
2694	33.4
2695	66.9
2696	89.2
2697	66.9
2698	55.7
2699	55.7
2700	66.9
2701	66.9
2702	55.7
2703	44.6
2704	44.6
2705	55.7
2706	66.9
2707	78.0
2708	78.0
2709	66.9
2710	55.7
2711	22.3
2712	11.1
2713	11.1
2714	11.1
2715	0.0
2716	0.0
2717	11.1
2718	33.4
2719	66.9
2720	89.2
2721	66.9
2722	55.7
2723	55.7
2724	66.9
2725	66.9
2726	55.7
2727	44.6
2728	44.6
2729	55.7
2730	66.9
2731	78.0
2732	78.0
2733	66.9
2734	55.7
2735	22.3
2736	11.1
2737	11.1
2738	11.1
2739	0.0
2740	0.0
2741	11.1
2742	33.4
2743	66.9
2744	89.2
2745	66.9
2746	55.7
2747	55.7
2748	66.9
2749	66.9
2750	55.7
2751	44.6
2752	44.6
2753	55.7
2754	66.9
2755	78.0
2756	78.0
2757	66.9
2758	55.7
2759	22.3
2760	11.1
2761	11.1
2762	11.1
2763	0.0
2764	0.0
2765	11.1
2766	33.4
2767	66.9
2768	89.2
2769	66.9
2770	55.7
2771	55.7
2772	66.9
2773	66.9
2774	55.7
2775	44.6
2776	44.6
2777	55.7
2778	66.9
2779	78.0
2780	78.0
2781	66.9
2782	55.7
2783	22.3
2784	11.1
2785	11.1
2786	11.1
2787	0.0
2788	0.0
2789	11.1
2790	33.4
2791	66.9
2792	89.2
2793	66.9
2794	55.7
2795	55.7
2796	66.9
2797	66.9
2798	55.7
2799	44.6
2800	44.6
2801	55.7
2802	66.9
2803	78.0
2804	78.0
2805	66.9
2806	55.7
2807	22.3
2808	11.1
2809	11.1
2810	11.1
2811	0.0
2812	0.0
2813	11.1
2814	33.4
2815	66.9
2816	89.2
2817	66.9
2818	55.7
2819	55.7
2820	66.9
2821	66.9
2822	55.7
2823	44.6
2824	44.6
2825	55.7
2826	66.9
2827	78.0
2828	78.0
2829	66.9
2830	55.7
2831	22.3
2832	11.1
2833	11.1
2834	11.1
2835	0.0
2836	0.0
2837	11.1
2838	33.4
2839	66.9
2840	89.2
2841	66.9
2842	55.7
2843	55.7
2844	66.9
2845	66.9
2846	55.7
2847	44.6
2848	44.6
2849	55.7
2850	66.9
2851	78.0
2852	78.0
2853	66.9
2854	55.7
2855	22.3
2856	11.1
2857	11.1
2858	11.1
2859	0.0
2860	0.0
2861	11.1
2862	33.4
2863	66.9
2864	89.2
2865	66.9
2866	55.7
2867	55.7
2868	66.9
2869	66.9
2870	55.7
2871	44.6
2872	44.6
2873	55.7
2874	66.9
2875	78.0
2876	78.0
2877	66.9
2878	55.7
2879	22.3
2880	11.1
2881	11.1
2882	11.1
2883	0.0
2884	0.0
2885	11.1
2886	33.4
2887	66.9
2888	89.2
2889	66.9
2890	55.7
2891	55.7
2892	66.9
2893	66.9
2894	55.7
2895	44.6
2896	44.6
2897	55.7
2898	66.9
2899	78.0
2900	78.0
2901	66.9
2902	55.7
2903	22.3
2904	11.1
2905	11.1
2906	11.1
2907	0.0
2908	0.0
2909	11.1
2910	33.4
2911	66.9
2912	89.2
2913	66.9
2914	55.7
2915	55.7
2916	66.9
2917	66.9
2918	55.7
2919	44.6
2920	44.6
2921	55.7
2922	66.9
2923	78.0
2924	78.0
2925	66.9
2926	55.7
2927	22.3
2928	11.1
2929	11.1
2930	11.1
2931	0.0
2932	0.0
2933	11.1
2934	33.4
2935	66.9
2936	89.2
2937	66.9
2938	55.7
2939	55.7
2940	66.9
2941	66.9
2942	55.7
2943	44.6
2944	44.6
2945	55.7
2946	66.9
2947	78.0
2948	78.0
2949	66.9
2950	55.7
2951	22.3
2952	11.1
2953	11.1
2954	11.1
2955	0.0
2956	0.0
2957	11.1
2958	33.4
2959	66.9
2960	89.2
2961	66.9
2962	55.7
2963	55.7
2964	66.9
2965	66.9
2966	55.7
2967	44.6
2968	44.6
2969	55.7
2970	66.9
2971	78.0
2972	78.0
2973	66.9
2974	55.7
2975	22.3
2976	11.1
2977	11.1
2978	11.1
2979	0.0
2980	0.0
2981	11.1
2982	33.4
2983	66.9
2984	89.2
2985	66.9
2986	55.7
2987	55.7
2988	66.9
2989	66.9
2990	55.7
2991	44.6
2992	44.6
2993	55.7
2994	66.9
2995	78.0
2996	78.0
2997	66.9
2998	55.7
2999	22.3
3000	11.1
3001	11.1
3002	11.1
3003	0.0
3004	0.0
3005	11.1
3006	33.4
3007	66.9
3008	89.2
3009	66.9
3010	55.7
3011	55.7
3012	66.9
3013	66.9
3014	55.7
3015	44.6
3016	44.6
3017	55.7
3018	66.9
3019	78.0
3020	78.0
3021	66.9
3022	55.7
3023	22.3
3024	11.1
3025	11.1
3026	11.1
3027	0.0
3028	0.0
3029	11.1
3030	33.4
3031	66.9
3032	89.2
3033	66.9
3034	55.7
3035	55.7
3036	66.9
3037	66.9
3038	55.7
3039	44.6
3040	44.6
3041	55.7
3042	66.9
3043	78.0
3044	78.0
3045	66.9
3046	55.7
3047	22.3
3048	11.1
3049	11.1
3050	11.1
3051	0.0
3052	0.0
3053	11.1
3054	33.4
3055	66.9
3056	89.2
3057	66.9
3058	55.7
3059	55.7
3060	66.9
3061	66.9
3062	55.7
3063	44.6
3064	44.6
3065	55.7
3066	66.9
3067	78.0
3068	78.0
3069	66.9
3070	55.7
3071	22.3
3072	11.1
3073	11.1
3074	11.1
3075	0.0
3076	0.0
3077	11.1
3078	33.4
3079	66.9
3080	89.2
3081	66.9
3082	55.7
3083	55.7
3084	66.9
3085	66.9
3086	55.7
3087	44.6
3088	44.6
3089	55.7
3090	66.9
3091	78.0
3092	78.0
3093	66.9
3094	55.7
3095	22.3
3096	11.1
3097	11.1
3098	11.1
3099	0.0
3100	0.0
3101	11.1
3102	33.4
3103	66.9
3104	89.2
3105	66.9
3106	55.7
3107	55.7
3108	66.9
3109	66.9
3110	55.7
3111	44.6
3112	44.6
3113	55.7
3114	66.9
3115	78.0
3116	78.0
3117	66.9
3118	55.7
3119	22.3
3120	11.1
3121	11.1
3122	11.1
3123	0.0
3124	0.0
3125	11.1
3126	33.4
3127	66.9
3128	89.2
3129	66.9
3130	55.7
3131	55.7
3132	66.9
3133	66.9
3134	55.7
3135	44.6
3136	44.6
3137	55.7
3138	66.9
3139	78.0
3140	78.0
3141	66.9
3142	55.7
3143	22.3
3144	11.1
3145	11.1
3146	11.1
3147	0.0
3148	0.0
3149	11.1
3150	33.4
3151	66.9
3152	89.2
3153	66.9
3154	55.7
3155	55.7
3156	66.9
3157	66.9
3158	55.7
3159	44.6
3160	44.6
3161	55.7
3162	66.9
3163	78.0
3164	78.0
3165	66.9
3166	55.7
3167	22.3
3168	11.1
3169	11.1
3170	11.1
3171	0.0
3172	0.0
3173	11.1
3174	33.4
3175	66.9
3176	89.2
3177	66.9
3178	55.7
3179	55.7
3180	66.9
3181	66.9
3182	55.7
3183	44.6
3184	44.6
3185	55.7
3186	66.9
3187	78.0
3188	78.0
3189	66.9
3190	55.7
3191	22.3
3192	11.1
3193	11.1
3194	11.1
3195	0.0
3196	0.0
3197	11.1
3198	33.4
3199	66.9
3200	89.2
3201	66.9
3202	55.7
3203	55.7
3204	66.9
3205	66.9
3206	55.7
3207	44.6
3208	44.6
3209	55.7
3210	66.9
3211	78.0
3212	78.0
3213	66.9
3214	55.7
3215	22.3
3216	11.1
3217	11.1
3218	11.1
3219	0.0
3220	0.0
3221	11.1
3222	33.4
3223	66.9
3224	89.2
3225	66.9
3226	55.7
3227	55.7
3228	66.9
3229	66.9
3230	55.7
3231	44.6
3232	44.6
3233	55.7
3234	66.9
3235	78.0
3236	78.0
3237	66.9
3238	55.7
3239	22.3
3240	11.1
3241	11.1
3242	11.1
3243	0.0
3244	0.0
3245	11.1
3246	33.4
3247	66.9
3248	89.2
3249	66.9
3250	55.7
3251	55.7
3252	66.9
3253	66.9
3254	55.7
3255	44.6
3256	44.6
3257	55.7
3258	66.9
3259	78.0
3260	78.0
3261	66.9
3262	55.7
3263	22.3
3264	11.1
3265	11.1
3266	11.1
3267	0.0
3268	0.0
3269	11.1
3270	33.4
3271	66.9
3272	89.2
3273	66.9
3274	55.7
3275	55.7
3276	66.9
3277	66.9
3278	55.7
3279	44.6
3280	44.6
3281	55.7
3282	66.9
3283	78.0
3284	78.0
3285	66.9
3286	55.7
3287	22.3
3288	11.1
3289	11.1
3290	11.1
3291	0.0
3292	0.0
3293	11.1
3294	33.4
3295	66.9
3296	89.2
3297	66.9
3298	55.7
3299	55.7
3300	66.9
3301	66.9
3302	55.7
3303	44.6
3304	44.6
3305	55.7
3306	66.9
3307	78.0
3308	78.0
3309	66.9
3310	55.7
3311	22.3
3312	11.1
3313	11.1
3314	11.1
3315	0.0
3316	0.0
3317	11.1
3318	33.4
3319	66.9
3320	89.2
3321	66.9
3322	55.7
3323	55.7
3324	66.9
3325	66.9
3326	55.7
3327	44.6
3328	44.6
3329	55.7
3330	66.9
3331	78.0
3332	78.0
3333	66.9
3334	55.7
3335	22.3
3336	11.1
3337	11.1
3338	11.1
3339	0.0
3340	0.0
3341	11.1
3342	33.4
3343	66.9
3344	89.2
3345	66.9
3346	55.7
3347	55.7
3348	66.9
3349	66.9
3350	55.7
3351	44.6
3352	44.6
3353	55.7
3354	66.9
3355	78.0
3356	78.0
3357	66.9
3358	55.7
3359	22.3
3360	11.1
3361	11.1
3362	11.1
3363	0.0
3364	0.0
3365	11.1
3366	33.4
3367	66.9
3368	89.2
3369	66.9
3370	55.7
3371	55.7
3372	66.9
3373	66.9
3374	55.7
3375	44.6
3376	44.6
3377	55.7
3378	66.9
3379	78.0
3380	78.0
3381	66.9
3382	55.7
3383	22.3
3384	11.1
3385	11.1
3386	11.1
3387	0.0
3388	0.0
3389	11.1
3390	33.4
3391	66.9
3392	89.2
3393	66.9
3394	55.7
3395	55.7
3396	66.9
3397	66.9
3398	55.7
3399	44.6
3400	44.6
3401	55.7
3402	66.9
3403	78.0
3404	78.0
3405	66.9
3406	55.7
3407	22.3
3408	11.1
3409	11.1
3410	11.1
3411	0.0
3412	0.0
3413	11.1
3414	33.4
3415	66.9
3416	89.2
3417	66.9
3418	55.7
3419	55.7
3420	66.9
3421	66.9
3422	55.7
3423	44.6
3424	44.6
3425	55.7
3426	66.9
3427	78.0
3428	78.0
3429	66.9
3430	55.7
3431	22.3
3432	11.1
3433	11.1
3434	11.1
3435	0.0
3436	0.0
3437	11.1
3438	33.4
3439	66.9
3440	89.2
3441	66.9
3442	55.7
3443	55.7
3444	66.9
3445	66.9
3446	55.7
3447	44.6
3448	44.6
3449	55.7
3450	66.9
3451	78.0
3452	78.0
3453	66.9
3454	55.7
3455	22.3
3456	11.1
3457	11.1
3458	11.1
3459	0.0
3460	0.0
3461	11.1
3462	33.4
3463	66.9
3464	89.2
3465	66.9
3466	55.7
3467	55.7
3468	66.9
3469	66.9
3470	55.7
3471	44.6
3472	44.6
3473	55.7
3474	66.9
3475	78.0
3476	78.0
3477	66.9
3478	55.7
3479	22.3
3480	11.1
3481	11.1
3482	11.1
3483	0.0
3484	0.0
3485	11.1
3486	33.4
3487	66.9
3488	89.2
3489	66.9
3490	55.7
3491	55.7
3492	66.9
3493	66.9
3494	55.7
3495	44.6
3496	44.6
3497	55.7
3498	66.9
3499	78.0
3500	78.0
3501	66.9
3502	55.7
3503	22.3
3504	11.1
3505	11.1
3506	11.1
3507	0.0
3508	0.0
3509	11.1
3510	33.4
3511	66.9
3512	89.2
3513	66.9
3514	55.7
3515	55.7
3516	66.9
3517	66.9
3518	55.7
3519	44.6
3520	44.6
3521	55.7
3522	66.9
3523	78.0
3524	78.0
3525	66.9
3526	55.7
3527	22.3
3528	11.1
3529	11.1
3530	11.1
3531	0.0
3532	0.0
3533	11.1
3534	33.4
3535	66.9
3536	89.2
3537	66.9
3538	55.7
3539	55.7
3540	66.9
3541	66.9
3542	55.7
3543	44.6
3544	44.6
3545	55.7
3546	66.9
3547	78.0
3548	78.0
3549	66.9
3550	55.7
3551	22.3
3552	11.1
3553	11.1
3554	11.1
3555	0.0
3556	0.0
3557	11.1
3558	33.4
3559	66.9
3560	89.2
3561	66.9
3562	55.7
3563	55.7
3564	66.9
3565	66.9
3566	55.7
3567	44.6
3568	44.6
3569	55.7
3570	66.9
3571	78.0
3572	78.0
3573	66.9
3574	55.7
3575	22.3
3576	11.1
3577	11.1
3578	11.1
3579	0.0
3580	0.0
3581	11.1
3582	33.4
3583	66.9
3584	89.2
3585	66.9
3586	55.7
3587	55.7
3588	66.9
3589	66.9
3590	55.7
3591	44.6
3592	44.6
3593	55.7
3594	66.9
3595	78.0
3596	78.0
3597	66.9
3598	55.7
3599	22.3
3600	11.1
3601	11.1
3602	11.1
3603	0.0
3604	0.0
3605	11.1
3606	33.4
3607	66.9
3608	89.2
3609	66.9
3610	55.7
3611	55.7
3612	66.9
3613	66.9
3614	55.7
3615	44.6
3616	44.6
3617	55.7
3618	66.9
3619	78.0
3620	78.0
3621	66.9
3622	55.7
3623	22.3
3624	11.1
3625	11.1
3626	11.1
3627	0.0
3628	0.0
3629	11.1
3630	33.4
3631	66.9
3632	89.2
3633	66.9
3634	55.7
3635	55.7
3636	66.9
3637	66.9
3638	55.7
3639	44.6
3640	44.6
3641	55.7
3642	66.9
3643	78.0
3644	78.0
3645	66.9
3646	55.7
3647	22.3
3648	11.1
3649	11.1
3650	11.1
3651	0.0
3652	0.0
3653	11.1
3654	33.4
3655	66.9
3656	89.2
3657	66.9
3658	55.7
3659	55.7
3660	66.9
3661	66.9
3662	55.7
3663	44.6
3664	44.6
3665	55.7
3666	66.9
3667	78.0
3668	78.0
3669	66.9
3670	55.7
3671	22.3
3672	11.1
3673	11.1
3674	11.1
3675	0.0
3676	0.0
3677	11.1
3678	33.4
3679	66.9
3680	89.2
3681	66.9
3682	55.7
3683	55.7
3684	66.9
3685	66.9
3686	55.7
3687	44.6
3688	44.6
3689	55.7
3690	66.9
3691	78.0
3692	78.0
3693	66.9
3694	55.7
3695	22.3
3696	11.1
3697	11.1
3698	11.1
3699	0.0
3700	0.0
3701	11.1
3702	33.4
3703	66.9
3704	89.2
3705	66.9
3706	55.7
3707	55.7
3708	66.9
3709	66.9
3710	55.7
3711	44.6
3712	44.6
3713	55.7
3714	66.9
3715	78.0
3716	78.0
3717	66.9
3718	55.7
3719	22.3
3720	11.1
3721	11.1
3722	11.1
3723	0.0
3724	0.0
3725	11.1
3726	33.4
3727	66.9
3728	89.2
3729	66.9
3730	55.7
3731	55.7
3732	66.9
3733	66.9
3734	55.7
3735	44.6
3736	44.6
3737	55.7
3738	66.9
3739	78.0
3740	78.0
3741	66.9
3742	55.7
3743	22.3
3744	11.1
3745	11.1
3746	11.1
3747	0.0
3748	0.0
3749	11.1
3750	33.4
3751	66.9
3752	89.2
3753	66.9
3754	55.7
3755	55.7
3756	66.9
3757	66.9
3758	55.7
3759	44.6
3760	44.6
3761	55.7
3762	66.9
3763	78.0
3764	78.0
3765	66.9
3766	55.7
3767	22.3
3768	11.1
3769	11.1
3770	11.1
3771	0.0
3772	0.0
3773	11.1
3774	33.4
3775	66.9
3776	89.2
3777	66.9
3778	55.7
3779	55.7
3780	66.9
3781	66.9
3782	55.7
3783	44.6
3784	44.6
3785	55.7
3786	66.9
3787	78.0
3788	78.0
3789	66.9
3790	55.7
3791	22.3
3792	11.1
3793	11.1
3794	11.1
3795	0.0
3796	0.0
3797	11.1
3798	33.4
3799	66.9
3800	89.2
3801	66.9
3802	55.7
3803	55.7
3804	66.9
3805	66.9
3806	55.7
3807	44.6
3808	44.6
3809	55.7
3810	66.9
3811	78.0
3812	78.0
3813	66.9
3814	55.7
3815	22.3
3816	11.1
3817	11.1
3818	11.1
3819	0.0
3820	0.0
3821	11.1
3822	33.4
3823	66.9
3824	89.2
3825	66.9
3826	55.7
3827	55.7
3828	66.9
3829	66.9
3830	55.7
3831	44.6
3832	44.6
3833	55.7
3834	66.9
3835	78.0
3836	78.0
3837	66.9
3838	55.7
3839	22.3
3840	11.1
3841	11.1
3842	11.1
3843	0.0
3844	0.0
3845	11.1
3846	33.4
3847	66.9
3848	89.2
3849	66.9
3850	55.7
3851	55.7
3852	66.9
3853	66.9
3854	55.7
3855	44.6
3856	44.6
3857	55.7
3858	66.9
3859	78.0
3860	78.0
3861	66.9
3862	55.7
3863	22.3
3864	11.1
3865	11.1
3866	11.1
3867	0.0
3868	0.0
3869	11.1
3870	33.4
3871	66.9
3872	89.2
3873	66.9
3874	55.7
3875	55.7
3876	66.9
3877	66.9
3878	55.7
3879	44.6
3880	44.6
3881	55.7
3882	66.9
3883	78.0
3884	78.0
3885	66.9
3886	55.7
3887	22.3
3888	11.1
3889	11.1
3890	11.1
3891	0.0
3892	0.0
3893	11.1
3894	33.4
3895	66.9
3896	89.2
3897	66.9
3898	55.7
3899	55.7
3900	66.9
3901	66.9
3902	55.7
3903	44.6
3904	44.6
3905	55.7
3906	66.9
3907	78.0
3908	78.0
3909	66.9
3910	55.7
3911	22.3
3912	11.1
3913	11.1
3914	11.1
3915	0.0
3916	0.0
3917	11.1
3918	33.4
3919	66.9
3920	89.2
3921	66.9
3922	55.7
3923	55.7
3924	66.9
3925	66.9
3926	55.7
3927	44.6
3928	44.6
3929	55.7
3930	66.9
3931	78.0
3932	78.0
3933	66.9
3934	55.7
3935	22.3
3936	11.1
3937	11.1
3938	11.1
3939	0.0
3940	0.0
3941	11.1
3942	33.4
3943	66.9
3944	89.2
3945	66.9
3946	55.7
3947	55.7
3948	66.9
3949	66.9
3950	55.7
3951	44.6
3952	44.6
3953	55.7
3954	66.9
3955	78.0
3956	78.0
3957	66.9
3958	55.7
3959	22.3
3960	11.1
3961	11.1
3962	11.1
3963	0.0
3964	0.0
3965	11.1
3966	33.4
3967	66.9
3968	89.2
3969	66.9
3970	55.7
3971	55.7
3972	66.9
3973	66.9
3974	55.7
3975	44.6
3976	44.6
3977	55.7
3978	66.9
3979	78.0
3980	78.0
3981	66.9
3982	55.7
3983	22.3
3984	11.1
3985	11.1
3986	11.1
3987	0.0
3988	0.0
3989	11.1
3990	33.4
3991	66.9
3992	89.2
3993	66.9
3994	55.7
3995	55.7
3996	66.9
3997	66.9
3998	55.7
3999	44.6
4000	44.6
4001	55.7
4002	66.9
4003	78.0
4004	78.0
4005	66.9
4006	55.7
4007	22.3
4008	11.1
4009	11.1
4010	11.1
4011	0.0
4012	0.0
4013	11.1
4014	33.4
4015	66.9
4016	89.2
4017	66.9
4018	55.7
4019	55.7
4020	66.9
4021	66.9
4022	55.7
4023	44.6
4024	44.6
4025	55.7
4026	66.9
4027	78.0
4028	78.0
4029	66.9
4030	55.7
4031	22.3
4032	11.1
4033	11.1
4034	11.1
4035	0.0
4036	0.0
4037	11.1
4038	33.4
4039	66.9
4040	89.2
4041	66.9
4042	55.7
4043	55.7
4044	66.9
4045	66.9
4046	55.7
4047	44.6
4048	44.6
4049	55.7
4050	66.9
4051	78.0
4052	78.0
4053	66.9
4054	55.7
4055	22.3
4056	11.1
4057	11.1
4058	11.1
4059	0.0
4060	0.0
4061	11.1
4062	33.4
4063	66.9
4064	89.2
4065	66.9
4066	55.7
4067	55.7
4068	66.9
4069	66.9
4070	55.7
4071	44.6
4072	44.6
4073	55.7
4074	66.9
4075	78.0
4076	78.0
4077	66.9
4078	55.7
4079	22.3
4080	11.1
4081	11.1
4082	11.1
4083	0.0
4084	0.0
4085	11.1
4086	33.4
4087	66.9
4088	89.2
4089	66.9
4090	55.7
4091	55.7
4092	66.9
4093	66.9
4094	55.7
4095	44.6
4096	44.6
4097	55.7
4098	66.9
4099	78.0
4100	78.0
4101	66.9
4102	55.7
4103	22.3
4104	11.1
4105	11.1
4106	11.1
4107	0.0
4108	0.0
4109	11.1
4110	33.4
4111	66.9
4112	89.2
4113	66.9
4114	55.7
4115	55.7
4116	66.9
4117	66.9
4118	55.7
4119	44.6
4120	44.6
4121	55.7
4122	66.9
4123	78.0
4124	78.0
4125	66.9
4126	55.7
4127	22.3
4128	11.1
4129	11.1
4130	11.1
4131	0.0
4132	0.0
4133	11.1
4134	33.4
4135	66.9
4136	89.2
4137	66.9
4138	55.7
4139	55.7
4140	66.9
4141	66.9
4142	55.7
4143	44.6
4144	44.6
4145	55.7
4146	66.9
4147	78.0
4148	78.0
4149	66.9
4150	55.7
4151	22.3
4152	11.1
4153	11.1
4154	11.1
4155	0.0
4156	0.0
4157	11.1
4158	33.4
4159	66.9
4160	89.2
4161	66.9
4162	55.7
4163	55.7
4164	66.9
4165	66.9
4166	55.7
4167	44.6
4168	44.6
4169	55.7
4170	66.9
4171	78.0
4172	78.0
4173	66.9
4174	55.7
4175	22.3
4176	11.1
4177	11.1
4178	11.1
4179	0.0
4180	0.0
4181	11.1
4182	33.4
4183	66.9
4184	89.2
4185	66.9
4186	55.7
4187	55.7
4188	66.9
4189	66.9
4190	55.7
4191	44.6
4192	44.6
4193	55.7
4194	66.9
4195	78.0
4196	78.0
4197	66.9
4198	55.7
4199	22.3
4200	11.1
4201	11.1
4202	11.1
4203	0.0
4204	0.0
4205	11.1
4206	33.4
4207	66.9
4208	89.2
4209	66.9
4210	55.7
4211	55.7
4212	66.9
4213	66.9
4214	55.7
4215	44.6
4216	44.6
4217	55.7
4218	66.9
4219	78.0
4220	78.0
4221	66.9
4222	55.7
4223	22.3
4224	11.1
4225	11.1
4226	11.1
4227	0.0
4228	0.0
4229	11.1
4230	33.4
4231	66.9
4232	89.2
4233	66.9
4234	55.7
4235	55.7
4236	66.9
4237	66.9
4238	55.7
4239	44.6
4240	44.6
4241	55.7
4242	66.9
4243	78.0
4244	78.0
4245	66.9
4246	55.7
4247	22.3
4248	11.1
4249	11.1
4250	11.1
4251	0.0
4252	0.0
4253	11.1
4254	33.4
4255	66.9
4256	89.2
4257	66.9
4258	55.7
4259	55.7
4260	66.9
4261	66.9
4262	55.7
4263	44.6
4264	44.6
4265	55.7
4266	66.9
4267	78.0
4268	78.0
4269	66.9
4270	55.7
4271	22.3
4272	11.1
4273	11.1
4274	11.1
4275	0.0
4276	0.0
4277	11.1
4278	33.4
4279	66.9
4280	89.2
4281	66.9
4282	55.7
4283	55.7
4284	66.9
4285	66.9
4286	55.7
4287	44.6
4288	44.6
4289	55.7
4290	66.9
4291	78.0
4292	78.0
4293	66.9
4294	55.7
4295	22.3
4296	11.1
4297	11.1
4298	11.1
4299	0.0
4300	0.0
4301	11.1
4302	33.4
4303	66.9
4304	89.2
4305	66.9
4306	55.7
4307	55.7
4308	66.9
4309	66.9
4310	55.7
4311	44.6
4312	44.6
4313	55.7
4314	66.9
4315	78.0
4316	78.0
4317	66.9
4318	55.7
4319	22.3
4320	11.1
4321	11.1
4322	11.1
4323	0.0
4324	0.0
4325	11.1
4326	33.4
4327	66.9
4328	89.2
4329	66.9
4330	55.7
4331	55.7
4332	66.9
4333	66.9
4334	55.7
4335	44.6
4336	44.6
4337	55.7
4338	66.9
4339	78.0
4340	78.0
4341	66.9
4342	55.7
4343	22.3
4344	11.1
4345	11.1
4346	11.1
4347	0.0
4348	0.0
4349	11.1
4350	33.4
4351	66.9
4352	89.2
4353	66.9
4354	55.7
4355	55.7
4356	66.9
4357	66.9
4358	55.7
4359	44.6
4360	44.6
4361	55.7
4362	66.9
4363	78.0
4364	78.0
4365	66.9
4366	55.7
4367	22.3
4368	11.1
4369	11.1
4370	11.1
4371	0.0
4372	0.0
4373	11.1
4374	33.4
4375	66.9
4376	89.2
4377	66.9
4378	55.7
4379	55.7
4380	66.9
4381	66.9
4382	55.7
4383	44.6
4384	44.6
4385	55.7
4386	66.9
4387	78.0
4388	78.0
4389	66.9
4390	55.7
4391	22.3
4392	11.1
4393	11.1
4394	11.1
4395	0.0
4396	0.0
4397	11.1
4398	33.4
4399	66.9
4400	89.2
4401	66.9
4402	55.7
4403	55.7
4404	66.9
4405	66.9
4406	55.7
4407	44.6
4408	44.6
4409	55.7
4410	66.9
4411	78.0
4412	78.0
4413	66.9
4414	55.7
4415	22.3
4416	11.1
4417	11.1
4418	11.1
4419	0.0
4420	0.0
4421	11.1
4422	33.4
4423	66.9
4424	89.2
4425	66.9
4426	55.7
4427	55.7
4428	66.9
4429	66.9
4430	55.7
4431	44.6
4432	44.6
4433	55.7
4434	66.9
4435	78.0
4436	78.0
4437	66.9
4438	55.7
4439	22.3
4440	11.1
4441	11.1
4442	11.1
4443	0.0
4444	0.0
4445	11.1
4446	33.4
4447	66.9
4448	89.2
4449	66.9
4450	55.7
4451	55.7
4452	66.9
4453	66.9
4454	55.7
4455	44.6
4456	44.6
4457	55.7
4458	66.9
4459	78.0
4460	78.0
4461	66.9
4462	55.7
4463	22.3
4464	11.1
4465	11.1
4466	11.1
4467	0.0
4468	0.0
4469	11.1
4470	33.4
4471	66.9
4472	89.2
4473	66.9
4474	55.7
4475	55.7
4476	66.9
4477	66.9
4478	55.7
4479	44.6
4480	44.6
4481	55.7
4482	66.9
4483	78.0
4484	78.0
4485	66.9
4486	55.7
4487	22.3
4488	11.1
4489	11.1
4490	11.1
4491	0.0
4492	0.0
4493	11.1
4494	33.4
4495	66.9
4496	89.2
4497	66.9
4498	55.7
4499	55.7
4500	66.9
4501	66.9
4502	55.7
4503	44.6
4504	44.6
4505	55.7
4506	66.9
4507	78.0
4508	78.0
4509	66.9
4510	55.7
4511	22.3
4512	11.1
4513	11.1
4514	11.1
4515	0.0
4516	0.0
4517	11.1
4518	33.4
4519	66.9
4520	89.2
4521	66.9
4522	55.7
4523	55.7
4524	66.9
4525	66.9
4526	55.7
4527	44.6
4528	44.6
4529	55.7
4530	66.9
4531	78.0
4532	78.0
4533	66.9
4534	55.7
4535	22.3
4536	11.1
4537	11.1
4538	11.1
4539	0.0
4540	0.0
4541	11.1
4542	33.4
4543	66.9
4544	89.2
4545	66.9
4546	55.7
4547	55.7
4548	66.9
4549	66.9
4550	55.7
4551	44.6
4552	44.6
4553	55.7
4554	66.9
4555	78.0
4556	78.0
4557	66.9
4558	55.7
4559	22.3
4560	11.1
4561	11.1
4562	11.1
4563	0.0
4564	0.0
4565	11.1
4566	33.4
4567	66.9
4568	89.2
4569	66.9
4570	55.7
4571	55.7
4572	66.9
4573	66.9
4574	55.7
4575	44.6
4576	44.6
4577	55.7
4578	66.9
4579	78.0
4580	78.0
4581	66.9
4582	55.7
4583	22.3
4584	11.1
4585	11.1
4586	11.1
4587	0.0
4588	0.0
4589	11.1
4590	33.4
4591	66.9
4592	89.2
4593	66.9
4594	55.7
4595	55.7
4596	66.9
4597	66.9
4598	55.7
4599	44.6
4600	44.6
4601	55.7
4602	66.9
4603	78.0
4604	78.0
4605	66.9
4606	55.7
4607	22.3
4608	11.1
4609	11.1
4610	11.1
4611	0.0
4612	0.0
4613	11.1
4614	33.4
4615	66.9
4616	89.2
4617	66.9
4618	55.7
4619	55.7
4620	66.9
4621	66.9
4622	55.7
4623	44.6
4624	44.6
4625	55.7
4626	66.9
4627	78.0
4628	78.0
4629	66.9
4630	55.7
4631	22.3
4632	11.1
4633	11.1
4634	11.1
4635	0.0
4636	0.0
4637	11.1
4638	33.4
4639	66.9
4640	89.2
4641	66.9
4642	55.7
4643	55.7
4644	66.9
4645	66.9
4646	55.7
4647	44.6
4648	44.6
4649	55.7
4650	66.9
4651	78.0
4652	78.0
4653	66.9
4654	55.7
4655	22.3
4656	11.1
4657	11.1
4658	11.1
4659	0.0
4660	0.0
4661	11.1
4662	33.4
4663	66.9
4664	89.2
4665	66.9
4666	55.7
4667	55.7
4668	66.9
4669	66.9
4670	55.7
4671	44.6
4672	44.6
4673	55.7
4674	66.9
4675	78.0
4676	78.0
4677	66.9
4678	55.7
4679	22.3
4680	11.1
4681	11.1
4682	11.1
4683	0.0
4684	0.0
4685	11.1
4686	33.4
4687	66.9
4688	89.2
4689	66.9
4690	55.7
4691	55.7
4692	66.9
4693	66.9
4694	55.7
4695	44.6
4696	44.6
4697	55.7
4698	66.9
4699	78.0
4700	78.0
4701	66.9
4702	55.7
4703	22.3
4704	11.1
4705	11.1
4706	11.1
4707	0.0
4708	0.0
4709	11.1
4710	33.4
4711	66.9
4712	89.2
4713	66.9
4714	55.7
4715	55.7
4716	66.9
4717	66.9
4718	55.7
4719	44.6
4720	44.6
4721	55.7
4722	66.9
4723	78.0
4724	78.0
4725	66.9
4726	55.7
4727	22.3
4728	11.1
4729	11.1
4730	11.1
4731	0.0
4732	0.0
4733	11.1
4734	33.4
4735	66.9
4736	89.2
4737	66.9
4738	55.7
4739	55.7
4740	66.9
4741	66.9
4742	55.7
4743	44.6
4744	44.6
4745	55.7
4746	66.9
4747	78.0
4748	78.0
4749	66.9
4750	55.7
4751	22.3
4752	11.1
4753	11.1
4754	11.1
4755	0.0
4756	0.0
4757	11.1
4758	33.4
4759	66.9
4760	89.2
4761	66.9
4762	55.7
4763	55.7
4764	66.9
4765	66.9
4766	55.7
4767	44.6
4768	44.6
4769	55.7
4770	66.9
4771	78.0
4772	78.0
4773	66.9
4774	55.7
4775	22.3
4776	11.1
4777	11.1
4778	11.1
4779	0.0
4780	0.0
4781	11.1
4782	33.4
4783	66.9
4784	89.2
4785	66.9
4786	55.7
4787	55.7
4788	66.9
4789	66.9
4790	55.7
4791	44.6
4792	44.6
4793	55.7
4794	66.9
4795	78.0
4796	78.0
4797	66.9
4798	55.7
4799	22.3
4800	11.1
4801	11.1
4802	11.1
4803	0.0
4804	0.0
4805	11.1
4806	33.4
4807	66.9
4808	89.2
4809	66.9
4810	55.7
4811	55.7
4812	66.9
4813	66.9
4814	55.7
4815	44.6
4816	44.6
4817	55.7
4818	66.9
4819	78.0
4820	78.0
4821	66.9
4822	55.7
4823	22.3
4824	11.1
4825	11.1
4826	11.1
4827	0.0
4828	0.0
4829	11.1
4830	33.4
4831	66.9
4832	89.2
4833	66.9
4834	55.7
4835	55.7
4836	66.9
4837	66.9
4838	55.7
4839	44.6
4840	44.6
4841	55.7
4842	66.9
4843	78.0
4844	78.0
4845	66.9
4846	55.7
4847	22.3
4848	11.1
4849	11.1
4850	11.1
4851	0.0
4852	0.0
4853	11.1
4854	33.4
4855	66.9
4856	89.2
4857	66.9
4858	55.7
4859	55.7
4860	66.9
4861	66.9
4862	55.7
4863	44.6
4864	44.6
4865	55.7
4866	66.9
4867	78.0
4868	78.0
4869	66.9
4870	55.7
4871	22.3
4872	11.1
4873	11.1
4874	11.1
4875	0.0
4876	0.0
4877	11.1
4878	33.4
4879	66.9
4880	89.2
4881	66.9
4882	55.7
4883	55.7
4884	66.9
4885	66.9
4886	55.7
4887	44.6
4888	44.6
4889	55.7
4890	66.9
4891	78.0
4892	78.0
4893	66.9
4894	55.7
4895	22.3
4896	11.1
4897	11.1
4898	11.1
4899	0.0
4900	0.0
4901	11.1
4902	33.4
4903	66.9
4904	89.2
4905	66.9
4906	55.7
4907	55.7
4908	66.9
4909	66.9
4910	55.7
4911	44.6
4912	44.6
4913	55.7
4914	66.9
4915	78.0
4916	78.0
4917	66.9
4918	55.7
4919	22.3
4920	11.1
4921	11.1
4922	11.1
4923	0.0
4924	0.0
4925	11.1
4926	33.4
4927	66.9
4928	89.2
4929	66.9
4930	55.7
4931	55.7
4932	66.9
4933	66.9
4934	55.7
4935	44.6
4936	44.6
4937	55.7
4938	66.9
4939	78.0
4940	78.0
4941	66.9
4942	55.7
4943	22.3
4944	11.1
4945	11.1
4946	11.1
4947	0.0
4948	0.0
4949	11.1
4950	33.4
4951	66.9
4952	89.2
4953	66.9
4954	55.7
4955	55.7
4956	66.9
4957	66.9
4958	55.7
4959	44.6
4960	44.6
4961	55.7
4962	66.9
4963	78.0
4964	78.0
4965	66.9
4966	55.7
4967	22.3
4968	11.1
4969	11.1
4970	11.1
4971	0.0
4972	0.0
4973	11.1
4974	33.4
4975	66.9
4976	89.2
4977	66.9
4978	55.7
4979	55.7
4980	66.9
4981	66.9
4982	55.7
4983	44.6
4984	44.6
4985	55.7
4986	66.9
4987	78.0
4988	78.0
4989	66.9
4990	55.7
4991	22.3
4992	11.1
4993	11.1
4994	11.1
4995	0.0
4996	0.0
4997	11.1
4998	33.4
4999	66.9
5000	89.2
5001	66.9
5002	55.7
5003	55.7
5004	66.9
5005	66.9
5006	55.7
5007	44.6
5008	44.6
5009	55.7
5010	66.9
5011	78.0
5012	78.0
5013	66.9
5014	55.7
5015	22.3
5016	11.1
5017	11.1
5018	11.1
5019	0.0
5020	0.0
5021	11.1
5022	33.4
5023	66.9
5024	89.2
5025	66.9
5026	55.7
5027	55.7
5028	66.9
5029	66.9
5030	55.7
5031	44.6
5032	44.6
5033	55.7
5034	66.9
5035	78.0
5036	78.0
5037	66.9
5038	55.7
5039	22.3
5040	11.1
5041	11.1
5042	11.1
5043	0.0
5044	0.0
5045	11.1
5046	33.4
5047	66.9
5048	89.2
5049	66.9
5050	55.7
5051	55.7
5052	66.9
5053	66.9
5054	55.7
5055	44.6
5056	44.6
5057	55.7
5058	66.9
5059	78.0
5060	78.0
5061	66.9
5062	55.7
5063	22.3
5064	11.1
5065	11.1
5066	11.1
5067	0.0
5068	0.0
5069	11.1
5070	33.4
5071	66.9
5072	89.2
5073	66.9
5074	55.7
5075	55.7
5076	66.9
5077	66.9
5078	55.7
5079	44.6
5080	44.6
5081	55.7
5082	66.9
5083	78.0
5084	78.0
5085	66.9
5086	55.7
5087	22.3
5088	11.1
5089	11.1
5090	11.1
5091	0.0
5092	0.0
5093	11.1
5094	33.4
5095	66.9
5096	89.2
5097	66.9
5098	55.7
5099	55.7
5100	66.9
5101	66.9
5102	55.7
5103	44.6
5104	44.6
5105	55.7
5106	66.9
5107	78.0
5108	78.0
5109	66.9
5110	55.7
5111	22.3
5112	11.1
5113	11.1
5114	11.1
5115	0.0
5116	0.0
5117	11.1
5118	33.4
5119	66.9
5120	89.2
5121	66.9
5122	55.7
5123	55.7
5124	66.9
5125	66.9
5126	55.7
5127	44.6
5128	44.6
5129	55.7
5130	66.9
5131	78.0
5132	78.0
5133	66.9
5134	55.7
5135	22.3
5136	11.1
5137	11.1
5138	11.1
5139	0.0
5140	0.0
5141	11.1
5142	33.4
5143	66.9
5144	89.2
5145	66.9
5146	55.7
5147	55.7
5148	66.9
5149	66.9
5150	55.7
5151	44.6
5152	44.6
5153	55.7
5154	66.9
5155	78.0
5156	78.0
5157	66.9
5158	55.7
5159	22.3
5160	11.1
5161	11.1
5162	11.1
5163	0.0
5164	0.0
5165	11.1
5166	33.4
5167	66.9
5168	89.2
5169	66.9
5170	55.7
5171	55.7
5172	66.9
5173	66.9
5174	55.7
5175	44.6
5176	44.6
5177	55.7
5178	66.9
5179	78.0
5180	78.0
5181	66.9
5182	55.7
5183	22.3
5184	11.1
5185	11.1
5186	11.1
5187	0.0
5188	0.0
5189	11.1
5190	33.4
5191	66.9
5192	89.2
5193	66.9
5194	55.7
5195	55.7
5196	66.9
5197	66.9
5198	55.7
5199	44.6
5200	44.6
5201	55.7
5202	66.9
5203	78.0
5204	78.0
5205	66.9
5206	55.7
5207	22.3
5208	11.1
5209	11.1
5210	11.1
5211	0.0
5212	0.0
5213	11.1
5214	33.4
5215	66.9
5216	89.2
5217	66.9
5218	55.7
5219	55.7
5220	66.9
5221	66.9
5222	55.7
5223	44.6
5224	44.6
5225	55.7
5226	66.9
5227	78.0
5228	78.0
5229	66.9
5230	55.7
5231	22.3
5232	11.1
5233	11.1
5234	11.1
5235	0.0
5236	0.0
5237	11.1
5238	33.4
5239	66.9
5240	89.2
5241	66.9
5242	55.7
5243	55.7
5244	66.9
5245	66.9
5246	55.7
5247	44.6
5248	44.6
5249	55.7
5250	66.9
5251	78.0
5252	78.0
5253	66.9
5254	55.7
5255	22.3
5256	11.1
5257	11.1
5258	11.1
5259	0.0
5260	0.0
5261	11.1
5262	33.4
5263	66.9
5264	89.2
5265	66.9
5266	55.7
5267	55.7
5268	66.9
5269	66.9
5270	55.7
5271	44.6
5272	44.6
5273	55.7
5274	66.9
5275	78.0
5276	78.0
5277	66.9
5278	55.7
5279	22.3
5280	11.1
5281	11.1
5282	11.1
5283	0.0
5284	0.0
5285	11.1
5286	33.4
5287	66.9
5288	89.2
5289	66.9
5290	55.7
5291	55.7
5292	66.9
5293	66.9
5294	55.7
5295	44.6
5296	44.6
5297	55.7
5298	66.9
5299	78.0
5300	78.0
5301	66.9
5302	55.7
5303	22.3
5304	11.1
5305	11.1
5306	11.1
5307	0.0
5308	0.0
5309	11.1
5310	33.4
5311	66.9
5312	89.2
5313	66.9
5314	55.7
5315	55.7
5316	66.9
5317	66.9
5318	55.7
5319	44.6
5320	44.6
5321	55.7
5322	66.9
5323	78.0
5324	78.0
5325	66.9
5326	55.7
5327	22.3
5328	11.1
5329	11.1
5330	11.1
5331	0.0
5332	0.0
5333	11.1
5334	33.4
5335	66.9
5336	89.2
5337	66.9
5338	55.7
5339	55.7
5340	66.9
5341	66.9
5342	55.7
5343	44.6
5344	44.6
5345	55.7
5346	66.9
5347	78.0
5348	78.0
5349	66.9
5350	55.7
5351	22.3
5352	11.1
5353	11.1
5354	11.1
5355	0.0
5356	0.0
5357	11.1
5358	33.4
5359	66.9
5360	89.2
5361	66.9
5362	55.7
5363	55.7
5364	66.9
5365	66.9
5366	55.7
5367	44.6
5368	44.6
5369	55.7
5370	66.9
5371	78.0
5372	78.0
5373	66.9
5374	55.7
5375	22.3
5376	11.1
5377	11.1
5378	11.1
5379	0.0
5380	0.0
5381	11.1
5382	33.4
5383	66.9
5384	89.2
5385	66.9
5386	55.7
5387	55.7
5388	66.9
5389	66.9
5390	55.7
5391	44.6
5392	44.6
5393	55.7
5394	66.9
5395	78.0
5396	78.0
5397	66.9
5398	55.7
5399	22.3
5400	11.1
5401	11.1
5402	11.1
5403	0.0
5404	0.0
5405	11.1
5406	33.4
5407	66.9
5408	89.2
5409	66.9
5410	55.7
5411	55.7
5412	66.9
5413	66.9
5414	55.7
5415	44.6
5416	44.6
5417	55.7
5418	66.9
5419	78.0
5420	78.0
5421	66.9
5422	55.7
5423	22.3
5424	11.1
5425	11.1
5426	11.1
5427	0.0
5428	0.0
5429	11.1
5430	33.4
5431	66.9
5432	89.2
5433	66.9
5434	55.7
5435	55.7
5436	66.9
5437	66.9
5438	55.7
5439	44.6
5440	44.6
5441	55.7
5442	66.9
5443	78.0
5444	78.0
5445	66.9
5446	55.7
5447	22.3
5448	11.1
5449	11.1
5450	11.1
5451	0.0
5452	0.0
5453	11.1
5454	33.4
5455	66.9
5456	89.2
5457	66.9
5458	55.7
5459	55.7
5460	66.9
5461	66.9
5462	55.7
5463	44.6
5464	44.6
5465	55.7
5466	66.9
5467	78.0
5468	78.0
5469	66.9
5470	55.7
5471	22.3
5472	11.1
5473	11.1
5474	11.1
5475	0.0
5476	0.0
5477	11.1
5478	33.4
5479	66.9
5480	89.2
5481	66.9
5482	55.7
5483	55.7
5484	66.9
5485	66.9
5486	55.7
5487	44.6
5488	44.6
5489	55.7
5490	66.9
5491	78.0
5492	78.0
5493	66.9
5494	55.7
5495	22.3
5496	11.1
5497	11.1
5498	11.1
5499	0.0
5500	0.0
5501	11.1
5502	33.4
5503	66.9
5504	89.2
5505	66.9
5506	55.7
5507	55.7
5508	66.9
5509	66.9
5510	55.7
5511	44.6
5512	44.6
5513	55.7
5514	66.9
5515	78.0
5516	78.0
5517	66.9
5518	55.7
5519	22.3
5520	11.1
5521	11.1
5522	11.1
5523	0.0
5524	0.0
5525	11.1
5526	33.4
5527	66.9
5528	89.2
5529	66.9
5530	55.7
5531	55.7
5532	66.9
5533	66.9
5534	55.7
5535	44.6
5536	44.6
5537	55.7
5538	66.9
5539	78.0
5540	78.0
5541	66.9
5542	55.7
5543	22.3
5544	11.1
5545	11.1
5546	11.1
5547	0.0
5548	0.0
5549	11.1
5550	33.4
5551	66.9
5552	89.2
5553	66.9
5554	55.7
5555	55.7
5556	66.9
5557	66.9
5558	55.7
5559	44.6
5560	44.6
5561	55.7
5562	66.9
5563	78.0
5564	78.0
5565	66.9
5566	55.7
5567	22.3
5568	11.1
5569	11.1
5570	11.1
5571	0.0
5572	0.0
5573	11.1
5574	33.4
5575	66.9
5576	89.2
5577	66.9
5578	55.7
5579	55.7
5580	66.9
5581	66.9
5582	55.7
5583	44.6
5584	44.6
5585	55.7
5586	66.9
5587	78.0
5588	78.0
5589	66.9
5590	55.7
5591	22.3
5592	11.1
5593	11.1
5594	11.1
5595	0.0
5596	0.0
5597	11.1
5598	33.4
5599	66.9
5600	89.2
5601	66.9
5602	55.7
5603	55.7
5604	66.9
5605	66.9
5606	55.7
5607	44.6
5608	44.6
5609	55.7
5610	66.9
5611	78.0
5612	78.0
5613	66.9
5614	55.7
5615	22.3
5616	11.1
5617	11.1
5618	11.1
5619	0.0
5620	0.0
5621	11.1
5622	33.4
5623	66.9
5624	89.2
5625	66.9
5626	55.7
5627	55.7
5628	66.9
5629	66.9
5630	55.7
5631	44.6
5632	44.6
5633	55.7
5634	66.9
5635	78.0
5636	78.0
5637	66.9
5638	55.7
5639	22.3
5640	11.1
5641	11.1
5642	11.1
5643	0.0
5644	0.0
5645	11.1
5646	33.4
5647	66.9
5648	89.2
5649	66.9
5650	55.7
5651	55.7
5652	66.9
5653	66.9
5654	55.7
5655	44.6
5656	44.6
5657	55.7
5658	66.9
5659	78.0
5660	78.0
5661	66.9
5662	55.7
5663	22.3
5664	11.1
5665	11.1
5666	11.1
5667	0.0
5668	0.0
5669	11.1
5670	33.4
5671	66.9
5672	89.2
5673	66.9
5674	55.7
5675	55.7
5676	66.9
5677	66.9
5678	55.7
5679	44.6
5680	44.6
5681	55.7
5682	66.9
5683	78.0
5684	78.0
5685	66.9
5686	55.7
5687	22.3
5688	11.1
5689	11.1
5690	11.1
5691	0.0
5692	0.0
5693	11.1
5694	33.4
5695	66.9
5696	89.2
5697	66.9
5698	55.7
5699	55.7
5700	66.9
5701	66.9
5702	55.7
5703	44.6
5704	44.6
5705	55.7
5706	66.9
5707	78.0
5708	78.0
5709	66.9
5710	55.7
5711	22.3
5712	11.1
5713	11.1
5714	11.1
5715	0.0
5716	0.0
5717	11.1
5718	33.4
5719	66.9
5720	89.2
5721	66.9
5722	55.7
5723	55.7
5724	66.9
5725	66.9
5726	55.7
5727	44.6
5728	44.6
5729	55.7
5730	66.9
5731	78.0
5732	78.0
5733	66.9
5734	55.7
5735	22.3
5736	11.1
5737	11.1
5738	11.1
5739	0.0
5740	0.0
5741	11.1
5742	33.4
5743	66.9
5744	89.2
5745	66.9
5746	55.7
5747	55.7
5748	66.9
5749	66.9
5750	55.7
5751	44.6
5752	44.6
5753	55.7
5754	66.9
5755	78.0
5756	78.0
5757	66.9
5758	55.7
5759	22.3
5760	11.1
5761	11.1
5762	11.1
5763	0.0
5764	0.0
5765	11.1
5766	33.4
5767	66.9
5768	89.2
5769	66.9
5770	55.7
5771	55.7
5772	66.9
5773	66.9
5774	55.7
5775	44.6
5776	44.6
5777	55.7
5778	66.9
5779	78.0
5780	78.0
5781	66.9
5782	55.7
5783	22.3
5784	11.1
5785	11.1
5786	11.1
5787	0.0
5788	0.0
5789	11.1
5790	33.4
5791	66.9
5792	89.2
5793	66.9
5794	55.7
5795	55.7
5796	66.9
5797	66.9
5798	55.7
5799	44.6
5800	44.6
5801	55.7
5802	66.9
5803	78.0
5804	78.0
5805	66.9
5806	55.7
5807	22.3
5808	11.1
5809	11.1
5810	11.1
5811	0.0
5812	0.0
5813	11.1
5814	33.4
5815	66.9
5816	89.2
5817	66.9
5818	55.7
5819	55.7
5820	66.9
5821	66.9
5822	55.7
5823	44.6
5824	44.6
5825	55.7
5826	66.9
5827	78.0
5828	78.0
5829	66.9
5830	55.7
5831	22.3
5832	11.1
5833	11.1
5834	11.1
5835	0.0
5836	0.0
5837	11.1
5838	33.4
5839	66.9
5840	89.2
5841	66.9
5842	55.7
5843	55.7
5844	66.9
5845	66.9
5846	55.7
5847	44.6
5848	44.6
5849	55.7
5850	66.9
5851	78.0
5852	78.0
5853	66.9
5854	55.7
5855	22.3
5856	11.1
5857	11.1
5858	11.1
5859	0.0
5860	0.0
5861	11.1
5862	33.4
5863	66.9
5864	89.2
5865	66.9
5866	55.7
5867	55.7
5868	66.9
5869	66.9
5870	55.7
5871	44.6
5872	44.6
5873	55.7
5874	66.9
5875	78.0
5876	78.0
5877	66.9
5878	55.7
5879	22.3
5880	11.1
5881	11.1
5882	11.1
5883	0.0
5884	0.0
5885	11.1
5886	33.4
5887	66.9
5888	89.2
5889	66.9
5890	55.7
5891	55.7
5892	66.9
5893	66.9
5894	55.7
5895	44.6
5896	44.6
5897	55.7
5898	66.9
5899	78.0
5900	78.0
5901	66.9
5902	55.7
5903	22.3
5904	11.1
5905	11.1
5906	11.1
5907	0.0
5908	0.0
5909	11.1
5910	33.4
5911	66.9
5912	89.2
5913	66.9
5914	55.7
5915	55.7
5916	66.9
5917	66.9
5918	55.7
5919	44.6
5920	44.6
5921	55.7
5922	66.9
5923	78.0
5924	78.0
5925	66.9
5926	55.7
5927	22.3
5928	11.1
5929	11.1
5930	11.1
5931	0.0
5932	0.0
5933	11.1
5934	33.4
5935	66.9
5936	89.2
5937	66.9
5938	55.7
5939	55.7
5940	66.9
5941	66.9
5942	55.7
5943	44.6
5944	44.6
5945	55.7
5946	66.9
5947	78.0
5948	78.0
5949	66.9
5950	55.7
5951	22.3
5952	11.1
5953	11.1
5954	11.1
5955	0.0
5956	0.0
5957	11.1
5958	33.4
5959	66.9
5960	89.2
5961	66.9
5962	55.7
5963	55.7
5964	66.9
5965	66.9
5966	55.7
5967	44.6
5968	44.6
5969	55.7
5970	66.9
5971	78.0
5972	78.0
5973	66.9
5974	55.7
5975	22.3
5976	11.1
5977	11.1
5978	11.1
5979	0.0
5980	0.0
5981	11.1
5982	33.4
5983	66.9
5984	89.2
5985	66.9
5986	55.7
5987	55.7
5988	66.9
5989	66.9
5990	55.7
5991	44.6
5992	44.6
5993	55.7
5994	66.9
5995	78.0
5996	78.0
5997	66.9
5998	55.7
5999	22.3
6000	11.1
6001	11.1
6002	11.1
6003	0.0
6004	0.0
6005	11.1
6006	33.4
6007	66.9
6008	89.2
6009	66.9
6010	55.7
6011	55.7
6012	66.9
6013	66.9
6014	55.7
6015	44.6
6016	44.6
6017	55.7
6018	66.9
6019	78.0
6020	78.0
6021	66.9
6022	55.7
6023	22.3
6024	11.1
6025	11.1
6026	11.1
6027	0.0
6028	0.0
6029	11.1
6030	33.4
6031	66.9
6032	89.2
6033	66.9
6034	55.7
6035	55.7
6036	66.9
6037	66.9
6038	55.7
6039	44.6
6040	44.6
6041	55.7
6042	66.9
6043	78.0
6044	78.0
6045	66.9
6046	55.7
6047	22.3
6048	11.1
6049	11.1
6050	11.1
6051	0.0
6052	0.0
6053	11.1
6054	33.4
6055	66.9
6056	89.2
6057	66.9
6058	55.7
6059	55.7
6060	66.9
6061	66.9
6062	55.7
6063	44.6
6064	44.6
6065	55.7
6066	66.9
6067	78.0
6068	78.0
6069	66.9
6070	55.7
6071	22.3
6072	11.1
6073	11.1
6074	11.1
6075	0.0
6076	0.0
6077	11.1
6078	33.4
6079	66.9
6080	89.2
6081	66.9
6082	55.7
6083	55.7
6084	66.9
6085	66.9
6086	55.7
6087	44.6
6088	44.6
6089	55.7
6090	66.9
6091	78.0
6092	78.0
6093	66.9
6094	55.7
6095	22.3
6096	11.1
6097	11.1
6098	11.1
6099	0.0
6100	0.0
6101	11.1
6102	33.4
6103	66.9
6104	89.2
6105	66.9
6106	55.7
6107	55.7
6108	66.9
6109	66.9
6110	55.7
6111	44.6
6112	44.6
6113	55.7
6114	66.9
6115	78.0
6116	78.0
6117	66.9
6118	55.7
6119	22.3
6120	11.1
6121	11.1
6122	11.1
6123	0.0
6124	0.0
6125	11.1
6126	33.4
6127	66.9
6128	89.2
6129	66.9
6130	55.7
6131	55.7
6132	66.9
6133	66.9
6134	55.7
6135	44.6
6136	44.6
6137	55.7
6138	66.9
6139	78.0
6140	78.0
6141	66.9
6142	55.7
6143	22.3
6144	11.1
6145	11.1
6146	11.1
6147	0.0
6148	0.0
6149	11.1
6150	33.4
6151	66.9
6152	89.2
6153	66.9
6154	55.7
6155	55.7
6156	66.9
6157	66.9
6158	55.7
6159	44.6
6160	44.6
6161	55.7
6162	66.9
6163	78.0
6164	78.0
6165	66.9
6166	55.7
6167	22.3
6168	11.1
6169	11.1
6170	11.1
6171	0.0
6172	0.0
6173	11.1
6174	33.4
6175	66.9
6176	89.2
6177	66.9
6178	55.7
6179	55.7
6180	66.9
6181	66.9
6182	55.7
6183	44.6
6184	44.6
6185	55.7
6186	66.9
6187	78.0
6188	78.0
6189	66.9
6190	55.7
6191	22.3
6192	11.1
6193	11.1
6194	11.1
6195	0.0
6196	0.0
6197	11.1
6198	33.4
6199	66.9
6200	89.2
6201	66.9
6202	55.7
6203	55.7
6204	66.9
6205	66.9
6206	55.7
6207	44.6
6208	44.6
6209	55.7
6210	66.9
6211	78.0
6212	78.0
6213	66.9
6214	55.7
6215	22.3
6216	11.1
6217	11.1
6218	11.1
6219	0.0
6220	0.0
6221	11.1
6222	33.4
6223	66.9
6224	89.2
6225	66.9
6226	55.7
6227	55.7
6228	66.9
6229	66.9
6230	55.7
6231	44.6
6232	44.6
6233	55.7
6234	66.9
6235	78.0
6236	78.0
6237	66.9
6238	55.7
6239	22.3
6240	11.1
6241	11.1
6242	11.1
6243	0.0
6244	0.0
6245	11.1
6246	33.4
6247	66.9
6248	89.2
6249	66.9
6250	55.7
6251	55.7
6252	66.9
6253	66.9
6254	55.7
6255	44.6
6256	44.6
6257	55.7
6258	66.9
6259	78.0
6260	78.0
6261	66.9
6262	55.7
6263	22.3
6264	11.1
6265	11.1
6266	11.1
6267	0.0
6268	0.0
6269	11.1
6270	33.4
6271	66.9
6272	89.2
6273	66.9
6274	55.7
6275	55.7
6276	66.9
6277	66.9
6278	55.7
6279	44.6
6280	44.6
6281	55.7
6282	66.9
6283	78.0
6284	78.0
6285	66.9
6286	55.7
6287	22.3
6288	11.1
6289	11.1
6290	11.1
6291	0.0
6292	0.0
6293	11.1
6294	33.4
6295	66.9
6296	89.2
6297	66.9
6298	55.7
6299	55.7
6300	66.9
6301	66.9
6302	55.7
6303	44.6
6304	44.6
6305	55.7
6306	66.9
6307	78.0
6308	78.0
6309	66.9
6310	55.7
6311	22.3
6312	11.1
6313	11.1
6314	11.1
6315	0.0
6316	0.0
6317	11.1
6318	33.4
6319	66.9
6320	89.2
6321	66.9
6322	55.7
6323	55.7
6324	66.9
6325	66.9
6326	55.7
6327	44.6
6328	44.6
6329	55.7
6330	66.9
6331	78.0
6332	78.0
6333	66.9
6334	55.7
6335	22.3
6336	11.1
6337	11.1
6338	11.1
6339	0.0
6340	0.0
6341	11.1
6342	33.4
6343	66.9
6344	89.2
6345	66.9
6346	55.7
6347	55.7
6348	66.9
6349	66.9
6350	55.7
6351	44.6
6352	44.6
6353	55.7
6354	66.9
6355	78.0
6356	78.0
6357	66.9
6358	55.7
6359	22.3
6360	11.1
6361	11.1
6362	11.1
6363	0.0
6364	0.0
6365	11.1
6366	33.4
6367	66.9
6368	89.2
6369	66.9
6370	55.7
6371	55.7
6372	66.9
6373	66.9
6374	55.7
6375	44.6
6376	44.6
6377	55.7
6378	66.9
6379	78.0
6380	78.0
6381	66.9
6382	55.7
6383	22.3
6384	11.1
6385	11.1
6386	11.1
6387	0.0
6388	0.0
6389	11.1
6390	33.4
6391	66.9
6392	89.2
6393	66.9
6394	55.7
6395	55.7
6396	66.9
6397	66.9
6398	55.7
6399	44.6
6400	44.6
6401	55.7
6402	66.9
6403	78.0
6404	78.0
6405	66.9
6406	55.7
6407	22.3
6408	11.1
6409	11.1
6410	11.1
6411	0.0
6412	0.0
6413	11.1
6414	33.4
6415	66.9
6416	89.2
6417	66.9
6418	55.7
6419	55.7
6420	66.9
6421	66.9
6422	55.7
6423	44.6
6424	44.6
6425	55.7
6426	66.9
6427	78.0
6428	78.0
6429	66.9
6430	55.7
6431	22.3
6432	11.1
6433	11.1
6434	11.1
6435	0.0
6436	0.0
6437	11.1
6438	33.4
6439	66.9
6440	89.2
6441	66.9
6442	55.7
6443	55.7
6444	66.9
6445	66.9
6446	55.7
6447	44.6
6448	44.6
6449	55.7
6450	66.9
6451	78.0
6452	78.0
6453	66.9
6454	55.7
6455	22.3
6456	11.1
6457	11.1
6458	11.1
6459	0.0
6460	0.0
6461	11.1
6462	33.4
6463	66.9
6464	89.2
6465	66.9
6466	55.7
6467	55.7
6468	66.9
6469	66.9
6470	55.7
6471	44.6
6472	44.6
6473	55.7
6474	66.9
6475	78.0
6476	78.0
6477	66.9
6478	55.7
6479	22.3
6480	11.1
6481	11.1
6482	11.1
6483	0.0
6484	0.0
6485	11.1
6486	33.4
6487	66.9
6488	89.2
6489	66.9
6490	55.7
6491	55.7
6492	66.9
6493	66.9
6494	55.7
6495	44.6
6496	44.6
6497	55.7
6498	66.9
6499	78.0
6500	78.0
6501	66.9
6502	55.7
6503	22.3
6504	11.1
6505	11.1
6506	11.1
6507	0.0
6508	0.0
6509	11.1
6510	33.4
6511	66.9
6512	89.2
6513	66.9
6514	55.7
6515	55.7
6516	66.9
6517	66.9
6518	55.7
6519	44.6
6520	44.6
6521	55.7
6522	66.9
6523	78.0
6524	78.0
6525	66.9
6526	55.7
6527	22.3
6528	11.1
6529	11.1
6530	11.1
6531	0.0
6532	0.0
6533	11.1
6534	33.4
6535	66.9
6536	89.2
6537	66.9
6538	55.7
6539	55.7
6540	66.9
6541	66.9
6542	55.7
6543	44.6
6544	44.6
6545	55.7
6546	66.9
6547	78.0
6548	78.0
6549	66.9
6550	55.7
6551	22.3
6552	11.1
6553	11.1
6554	11.1
6555	0.0
6556	0.0
6557	11.1
6558	33.4
6559	66.9
6560	89.2
6561	66.9
6562	55.7
6563	55.7
6564	66.9
6565	66.9
6566	55.7
6567	44.6
6568	44.6
6569	55.7
6570	66.9
6571	78.0
6572	78.0
6573	66.9
6574	55.7
6575	22.3
6576	11.1
6577	11.1
6578	11.1
6579	0.0
6580	0.0
6581	11.1
6582	33.4
6583	66.9
6584	89.2
6585	66.9
6586	55.7
6587	55.7
6588	66.9
6589	66.9
6590	55.7
6591	44.6
6592	44.6
6593	55.7
6594	66.9
6595	78.0
6596	78.0
6597	66.9
6598	55.7
6599	22.3
6600	11.1
6601	11.1
6602	11.1
6603	0.0
6604	0.0
6605	11.1
6606	33.4
6607	66.9
6608	89.2
6609	66.9
6610	55.7
6611	55.7
6612	66.9
6613	66.9
6614	55.7
6615	44.6
6616	44.6
6617	55.7
6618	66.9
6619	78.0
6620	78.0
6621	66.9
6622	55.7
6623	22.3
6624	11.1
6625	11.1
6626	11.1
6627	0.0
6628	0.0
6629	11.1
6630	33.4
6631	66.9
6632	89.2
6633	66.9
6634	55.7
6635	55.7
6636	66.9
6637	66.9
6638	55.7
6639	44.6
6640	44.6
6641	55.7
6642	66.9
6643	78.0
6644	78.0
6645	66.9
6646	55.7
6647	22.3
6648	11.1
6649	11.1
6650	11.1
6651	0.0
6652	0.0
6653	11.1
6654	33.4
6655	66.9
6656	89.2
6657	66.9
6658	55.7
6659	55.7
6660	66.9
6661	66.9
6662	55.7
6663	44.6
6664	44.6
6665	55.7
6666	66.9
6667	78.0
6668	78.0
6669	66.9
6670	55.7
6671	22.3
6672	11.1
6673	11.1
6674	11.1
6675	0.0
6676	0.0
6677	11.1
6678	33.4
6679	66.9
6680	89.2
6681	66.9
6682	55.7
6683	55.7
6684	66.9
6685	66.9
6686	55.7
6687	44.6
6688	44.6
6689	55.7
6690	66.9
6691	78.0
6692	78.0
6693	66.9
6694	55.7
6695	22.3
6696	11.1
6697	11.1
6698	11.1
6699	0.0
6700	0.0
6701	11.1
6702	33.4
6703	66.9
6704	89.2
6705	66.9
6706	55.7
6707	55.7
6708	66.9
6709	66.9
6710	55.7
6711	44.6
6712	44.6
6713	55.7
6714	66.9
6715	78.0
6716	78.0
6717	66.9
6718	55.7
6719	22.3
6720	11.1
6721	11.1
6722	11.1
6723	0.0
6724	0.0
6725	11.1
6726	33.4
6727	66.9
6728	89.2
6729	66.9
6730	55.7
6731	55.7
6732	66.9
6733	66.9
6734	55.7
6735	44.6
6736	44.6
6737	55.7
6738	66.9
6739	78.0
6740	78.0
6741	66.9
6742	55.7
6743	22.3
6744	11.1
6745	11.1
6746	11.1
6747	0.0
6748	0.0
6749	11.1
6750	33.4
6751	66.9
6752	89.2
6753	66.9
6754	55.7
6755	55.7
6756	66.9
6757	66.9
6758	55.7
6759	44.6
6760	44.6
6761	55.7
6762	66.9
6763	78.0
6764	78.0
6765	66.9
6766	55.7
6767	22.3
6768	11.1
6769	11.1
6770	11.1
6771	0.0
6772	0.0
6773	11.1
6774	33.4
6775	66.9
6776	89.2
6777	66.9
6778	55.7
6779	55.7
6780	66.9
6781	66.9
6782	55.7
6783	44.6
6784	44.6
6785	55.7
6786	66.9
6787	78.0
6788	78.0
6789	66.9
6790	55.7
6791	22.3
6792	11.1
6793	11.1
6794	11.1
6795	0.0
6796	0.0
6797	11.1
6798	33.4
6799	66.9
6800	89.2
6801	66.9
6802	55.7
6803	55.7
6804	66.9
6805	66.9
6806	55.7
6807	44.6
6808	44.6
6809	55.7
6810	66.9
6811	78.0
6812	78.0
6813	66.9
6814	55.7
6815	22.3
6816	11.1
6817	11.1
6818	11.1
6819	0.0
6820	0.0
6821	11.1
6822	33.4
6823	66.9
6824	89.2
6825	66.9
6826	55.7
6827	55.7
6828	66.9
6829	66.9
6830	55.7
6831	44.6
6832	44.6
6833	55.7
6834	66.9
6835	78.0
6836	78.0
6837	66.9
6838	55.7
6839	22.3
6840	11.1
6841	11.1
6842	11.1
6843	0.0
6844	0.0
6845	11.1
6846	33.4
6847	66.9
6848	89.2
6849	66.9
6850	55.7
6851	55.7
6852	66.9
6853	66.9
6854	55.7
6855	44.6
6856	44.6
6857	55.7
6858	66.9
6859	78.0
6860	78.0
6861	66.9
6862	55.7
6863	22.3
6864	11.1
6865	11.1
6866	11.1
6867	0.0
6868	0.0
6869	11.1
6870	33.4
6871	66.9
6872	89.2
6873	66.9
6874	55.7
6875	55.7
6876	66.9
6877	66.9
6878	55.7
6879	44.6
6880	44.6
6881	55.7
6882	66.9
6883	78.0
6884	78.0
6885	66.9
6886	55.7
6887	22.3
6888	11.1
6889	11.1
6890	11.1
6891	0.0
6892	0.0
6893	11.1
6894	33.4
6895	66.9
6896	89.2
6897	66.9
6898	55.7
6899	55.7
6900	66.9
6901	66.9
6902	55.7
6903	44.6
6904	44.6
6905	55.7
6906	66.9
6907	78.0
6908	78.0
6909	66.9
6910	55.7
6911	22.3
6912	11.1
6913	11.1
6914	11.1
6915	0.0
6916	0.0
6917	11.1
6918	33.4
6919	66.9
6920	89.2
6921	66.9
6922	55.7
6923	55.7
6924	66.9
6925	66.9
6926	55.7
6927	44.6
6928	44.6
6929	55.7
6930	66.9
6931	78.0
6932	78.0
6933	66.9
6934	55.7
6935	22.3
6936	11.1
6937	11.1
6938	11.1
6939	0.0
6940	0.0
6941	11.1
6942	33.4
6943	66.9
6944	89.2
6945	66.9
6946	55.7
6947	55.7
6948	66.9
6949	66.9
6950	55.7
6951	44.6
6952	44.6
6953	55.7
6954	66.9
6955	78.0
6956	78.0
6957	66.9
6958	55.7
6959	22.3
6960	11.1
6961	11.1
6962	11.1
6963	0.0
6964	0.0
6965	11.1
6966	33.4
6967	66.9
6968	89.2
6969	66.9
6970	55.7
6971	55.7
6972	66.9
6973	66.9
6974	55.7
6975	44.6
6976	44.6
6977	55.7
6978	66.9
6979	78.0
6980	78.0
6981	66.9
6982	55.7
6983	22.3
6984	11.1
6985	11.1
6986	11.1
6987	0.0
6988	0.0
6989	11.1
6990	33.4
6991	66.9
6992	89.2
6993	66.9
6994	55.7
6995	55.7
6996	66.9
6997	66.9
6998	55.7
6999	44.6
7000	44.6
7001	55.7
7002	66.9
7003	78.0
7004	78.0
7005	66.9
7006	55.7
7007	22.3
7008	11.1
7009	11.1
7010	11.1
7011	0.0
7012	0.0
7013	11.1
7014	33.4
7015	66.9
7016	89.2
7017	66.9
7018	55.7
7019	55.7
7020	66.9
7021	66.9
7022	55.7
7023	44.6
7024	44.6
7025	55.7
7026	66.9
7027	78.0
7028	78.0
7029	66.9
7030	55.7
7031	22.3
7032	11.1
7033	11.1
7034	11.1
7035	0.0
7036	0.0
7037	11.1
7038	33.4
7039	66.9
7040	89.2
7041	66.9
7042	55.7
7043	55.7
7044	66.9
7045	66.9
7046	55.7
7047	44.6
7048	44.6
7049	55.7
7050	66.9
7051	78.0
7052	78.0
7053	66.9
7054	55.7
7055	22.3
7056	11.1
7057	11.1
7058	11.1
7059	0.0
7060	0.0
7061	11.1
7062	33.4
7063	66.9
7064	89.2
7065	66.9
7066	55.7
7067	55.7
7068	66.9
7069	66.9
7070	55.7
7071	44.6
7072	44.6
7073	55.7
7074	66.9
7075	78.0
7076	78.0
7077	66.9
7078	55.7
7079	22.3
7080	11.1
7081	11.1
7082	11.1
7083	0.0
7084	0.0
7085	11.1
7086	33.4
7087	66.9
7088	89.2
7089	66.9
7090	55.7
7091	55.7
7092	66.9
7093	66.9
7094	55.7
7095	44.6
7096	44.6
7097	55.7
7098	66.9
7099	78.0
7100	78.0
7101	66.9
7102	55.7
7103	22.3
7104	11.1
7105	11.1
7106	11.1
7107	0.0
7108	0.0
7109	11.1
7110	33.4
7111	66.9
7112	89.2
7113	66.9
7114	55.7
7115	55.7
7116	66.9
7117	66.9
7118	55.7
7119	44.6
7120	44.6
7121	55.7
7122	66.9
7123	78.0
7124	78.0
7125	66.9
7126	55.7
7127	22.3
7128	11.1
7129	11.1
7130	11.1
7131	0.0
7132	0.0
7133	11.1
7134	33.4
7135	66.9
7136	89.2
7137	66.9
7138	55.7
7139	55.7
7140	66.9
7141	66.9
7142	55.7
7143	44.6
7144	44.6
7145	55.7
7146	66.9
7147	78.0
7148	78.0
7149	66.9
7150	55.7
7151	22.3
7152	11.1
7153	11.1
7154	11.1
7155	0.0
7156	0.0
7157	11.1
7158	33.4
7159	66.9
7160	89.2
7161	66.9
7162	55.7
7163	55.7
7164	66.9
7165	66.9
7166	55.7
7167	44.6
7168	44.6
7169	55.7
7170	66.9
7171	78.0
7172	78.0
7173	66.9
7174	55.7
7175	22.3
7176	11.1
7177	11.1
7178	11.1
7179	0.0
7180	0.0
7181	11.1
7182	33.4
7183	66.9
7184	89.2
7185	66.9
7186	55.7
7187	55.7
7188	66.9
7189	66.9
7190	55.7
7191	44.6
7192	44.6
7193	55.7
7194	66.9
7195	78.0
7196	78.0
7197	66.9
7198	55.7
7199	22.3
7200	11.1
7201	11.1
7202	11.1
7203	0.0
7204	0.0
7205	11.1
7206	33.4
7207	66.9
7208	89.2
7209	66.9
7210	55.7
7211	55.7
7212	66.9
7213	66.9
7214	55.7
7215	44.6
7216	44.6
7217	55.7
7218	66.9
7219	78.0
7220	78.0
7221	66.9
7222	55.7
7223	22.3
7224	11.1
7225	11.1
7226	11.1
7227	0.0
7228	0.0
7229	11.1
7230	33.4
7231	66.9
7232	89.2
7233	66.9
7234	55.7
7235	55.7
7236	66.9
7237	66.9
7238	55.7
7239	44.6
7240	44.6
7241	55.7
7242	66.9
7243	78.0
7244	78.0
7245	66.9
7246	55.7
7247	22.3
7248	11.1
7249	11.1
7250	11.1
7251	0.0
7252	0.0
7253	11.1
7254	33.4
7255	66.9
7256	89.2
7257	66.9
7258	55.7
7259	55.7
7260	66.9
7261	66.9
7262	55.7
7263	44.6
7264	44.6
7265	55.7
7266	66.9
7267	78.0
7268	78.0
7269	66.9
7270	55.7
7271	22.3
7272	11.1
7273	11.1
7274	11.1
7275	0.0
7276	0.0
7277	11.1
7278	33.4
7279	66.9
7280	89.2
7281	66.9
7282	55.7
7283	55.7
7284	66.9
7285	66.9
7286	55.7
7287	44.6
7288	44.6
7289	55.7
7290	66.9
7291	78.0
7292	78.0
7293	66.9
7294	55.7
7295	22.3
7296	11.1
7297	11.1
7298	11.1
7299	0.0
7300	0.0
7301	11.1
7302	33.4
7303	66.9
7304	89.2
7305	66.9
7306	55.7
7307	55.7
7308	66.9
7309	66.9
7310	55.7
7311	44.6
7312	44.6
7313	55.7
7314	66.9
7315	78.0
7316	78.0
7317	66.9
7318	55.7
7319	22.3
7320	11.1
7321	11.1
7322	11.1
7323	0.0
7324	0.0
7325	11.1
7326	33.4
7327	66.9
7328	89.2
7329	66.9
7330	55.7
7331	55.7
7332	66.9
7333	66.9
7334	55.7
7335	44.6
7336	44.6
7337	55.7
7338	66.9
7339	78.0
7340	78.0
7341	66.9
7342	55.7
7343	22.3
7344	11.1
7345	11.1
7346	11.1
7347	0.0
7348	0.0
7349	11.1
7350	33.4
7351	66.9
7352	89.2
7353	66.9
7354	55.7
7355	55.7
7356	66.9
7357	66.9
7358	55.7
7359	44.6
7360	44.6
7361	55.7
7362	66.9
7363	78.0
7364	78.0
7365	66.9
7366	55.7
7367	22.3
7368	11.1
7369	11.1
7370	11.1
7371	0.0
7372	0.0
7373	11.1
7374	33.4
7375	66.9
7376	89.2
7377	66.9
7378	55.7
7379	55.7
7380	66.9
7381	66.9
7382	55.7
7383	44.6
7384	44.6
7385	55.7
7386	66.9
7387	78.0
7388	78.0
7389	66.9
7390	55.7
7391	22.3
7392	11.1
7393	11.1
7394	11.1
7395	0.0
7396	0.0
7397	11.1
7398	33.4
7399	66.9
7400	89.2
7401	66.9
7402	55.7
7403	55.7
7404	66.9
7405	66.9
7406	55.7
7407	44.6
7408	44.6
7409	55.7
7410	66.9
7411	78.0
7412	78.0
7413	66.9
7414	55.7
7415	22.3
7416	11.1
7417	11.1
7418	11.1
7419	0.0
7420	0.0
7421	11.1
7422	33.4
7423	66.9
7424	89.2
7425	66.9
7426	55.7
7427	55.7
7428	66.9
7429	66.9
7430	55.7
7431	44.6
7432	44.6
7433	55.7
7434	66.9
7435	78.0
7436	78.0
7437	66.9
7438	55.7
7439	22.3
7440	11.1
7441	11.1
7442	11.1
7443	0.0
7444	0.0
7445	11.1
7446	33.4
7447	66.9
7448	89.2
7449	66.9
7450	55.7
7451	55.7
7452	66.9
7453	66.9
7454	55.7
7455	44.6
7456	44.6
7457	55.7
7458	66.9
7459	78.0
7460	78.0
7461	66.9
7462	55.7
7463	22.3
7464	11.1
7465	11.1
7466	11.1
7467	0.0
7468	0.0
7469	11.1
7470	33.4
7471	66.9
7472	89.2
7473	66.9
7474	55.7
7475	55.7
7476	66.9
7477	66.9
7478	55.7
7479	44.6
7480	44.6
7481	55.7
7482	66.9
7483	78.0
7484	78.0
7485	66.9
7486	55.7
7487	22.3
7488	11.1
7489	11.1
7490	11.1
7491	0.0
7492	0.0
7493	11.1
7494	33.4
7495	66.9
7496	89.2
7497	66.9
7498	55.7
7499	55.7
7500	66.9
7501	66.9
7502	55.7
7503	44.6
7504	44.6
7505	55.7
7506	66.9
7507	78.0
7508	78.0
7509	66.9
7510	55.7
7511	22.3
7512	11.1
7513	11.1
7514	11.1
7515	0.0
7516	0.0
7517	11.1
7518	33.4
7519	66.9
7520	89.2
7521	66.9
7522	55.7
7523	55.7
7524	66.9
7525	66.9
7526	55.7
7527	44.6
7528	44.6
7529	55.7
7530	66.9
7531	78.0
7532	78.0
7533	66.9
7534	55.7
7535	22.3
7536	11.1
7537	11.1
7538	11.1
7539	0.0
7540	0.0
7541	11.1
7542	33.4
7543	66.9
7544	89.2
7545	66.9
7546	55.7
7547	55.7
7548	66.9
7549	66.9
7550	55.7
7551	44.6
7552	44.6
7553	55.7
7554	66.9
7555	78.0
7556	78.0
7557	66.9
7558	55.7
7559	22.3
7560	11.1
7561	11.1
7562	11.1
7563	0.0
7564	0.0
7565	11.1
7566	33.4
7567	66.9
7568	89.2
7569	66.9
7570	55.7
7571	55.7
7572	66.9
7573	66.9
7574	55.7
7575	44.6
7576	44.6
7577	55.7
7578	66.9
7579	78.0
7580	78.0
7581	66.9
7582	55.7
7583	22.3
7584	11.1
7585	11.1
7586	11.1
7587	0.0
7588	0.0
7589	11.1
7590	33.4
7591	66.9
7592	89.2
7593	66.9
7594	55.7
7595	55.7
7596	66.9
7597	66.9
7598	55.7
7599	44.6
7600	44.6
7601	55.7
7602	66.9
7603	78.0
7604	78.0
7605	66.9
7606	55.7
7607	22.3
7608	11.1
7609	11.1
7610	11.1
7611	0.0
7612	0.0
7613	11.1
7614	33.4
7615	66.9
7616	89.2
7617	66.9
7618	55.7
7619	55.7
7620	66.9
7621	66.9
7622	55.7
7623	44.6
7624	44.6
7625	55.7
7626	66.9
7627	78.0
7628	78.0
7629	66.9
7630	55.7
7631	22.3
7632	11.1
7633	11.1
7634	11.1
7635	0.0
7636	0.0
7637	11.1
7638	33.4
7639	66.9
7640	89.2
7641	66.9
7642	55.7
7643	55.7
7644	66.9
7645	66.9
7646	55.7
7647	44.6
7648	44.6
7649	55.7
7650	66.9
7651	78.0
7652	78.0
7653	66.9
7654	55.7
7655	22.3
7656	11.1
7657	11.1
7658	11.1
7659	0.0
7660	0.0
7661	11.1
7662	33.4
7663	66.9
7664	89.2
7665	66.9
7666	55.7
7667	55.7
7668	66.9
7669	66.9
7670	55.7
7671	44.6
7672	44.6
7673	55.7
7674	66.9
7675	78.0
7676	78.0
7677	66.9
7678	55.7
7679	22.3
7680	11.1
7681	11.1
7682	11.1
7683	0.0
7684	0.0
7685	11.1
7686	33.4
7687	66.9
7688	89.2
7689	66.9
7690	55.7
7691	55.7
7692	66.9
7693	66.9
7694	55.7
7695	44.6
7696	44.6
7697	55.7
7698	66.9
7699	78.0
7700	78.0
7701	66.9
7702	55.7
7703	22.3
7704	11.1
7705	11.1
7706	11.1
7707	0.0
7708	0.0
7709	11.1
7710	33.4
7711	66.9
7712	89.2
7713	66.9
7714	55.7
7715	55.7
7716	66.9
7717	66.9
7718	55.7
7719	44.6
7720	44.6
7721	55.7
7722	66.9
7723	78.0
7724	78.0
7725	66.9
7726	55.7
7727	22.3
7728	11.1
7729	11.1
7730	11.1
7731	0.0
7732	0.0
7733	11.1
7734	33.4
7735	66.9
7736	89.2
7737	66.9
7738	55.7
7739	55.7
7740	66.9
7741	66.9
7742	55.7
7743	44.6
7744	44.6
7745	55.7
7746	66.9
7747	78.0
7748	78.0
7749	66.9
7750	55.7
7751	22.3
7752	11.1
7753	11.1
7754	11.1
7755	0.0
7756	0.0
7757	11.1
7758	33.4
7759	66.9
7760	89.2
7761	66.9
7762	55.7
7763	55.7
7764	66.9
7765	66.9
7766	55.7
7767	44.6
7768	44.6
7769	55.7
7770	66.9
7771	78.0
7772	78.0
7773	66.9
7774	55.7
7775	22.3
7776	11.1
7777	11.1
7778	11.1
7779	0.0
7780	0.0
7781	11.1
7782	33.4
7783	66.9
7784	89.2
7785	66.9
7786	55.7
7787	55.7
7788	66.9
7789	66.9
7790	55.7
7791	44.6
7792	44.6
7793	55.7
7794	66.9
7795	78.0
7796	78.0
7797	66.9
7798	55.7
7799	22.3
7800	11.1
7801	11.1
7802	11.1
7803	0.0
7804	0.0
7805	11.1
7806	33.4
7807	66.9
7808	89.2
7809	66.9
7810	55.7
7811	55.7
7812	66.9
7813	66.9
7814	55.7
7815	44.6
7816	44.6
7817	55.7
7818	66.9
7819	78.0
7820	78.0
7821	66.9
7822	55.7
7823	22.3
7824	11.1
7825	11.1
7826	11.1
7827	0.0
7828	0.0
7829	11.1
7830	33.4
7831	66.9
7832	89.2
7833	66.9
7834	55.7
7835	55.7
7836	66.9
7837	66.9
7838	55.7
7839	44.6
7840	44.6
7841	55.7
7842	66.9
7843	78.0
7844	78.0
7845	66.9
7846	55.7
7847	22.3
7848	11.1
7849	11.1
7850	11.1
7851	0.0
7852	0.0
7853	11.1
7854	33.4
7855	66.9
7856	89.2
7857	66.9
7858	55.7
7859	55.7
7860	66.9
7861	66.9
7862	55.7
7863	44.6
7864	44.6
7865	55.7
7866	66.9
7867	78.0
7868	78.0
7869	66.9
7870	55.7
7871	22.3
7872	11.1
7873	11.1
7874	11.1
7875	0.0
7876	0.0
7877	11.1
7878	33.4
7879	66.9
7880	89.2
7881	66.9
7882	55.7
7883	55.7
7884	66.9
7885	66.9
7886	55.7
7887	44.6
7888	44.6
7889	55.7
7890	66.9
7891	78.0
7892	78.0
7893	66.9
7894	55.7
7895	22.3
7896	11.1
7897	11.1
7898	11.1
7899	0.0
7900	0.0
7901	11.1
7902	33.4
7903	66.9
7904	89.2
7905	66.9
7906	55.7
7907	55.7
7908	66.9
7909	66.9
7910	55.7
7911	44.6
7912	44.6
7913	55.7
7914	66.9
7915	78.0
7916	78.0
7917	66.9
7918	55.7
7919	22.3
7920	11.1
7921	11.1
7922	11.1
7923	0.0
7924	0.0
7925	11.1
7926	33.4
7927	66.9
7928	89.2
7929	66.9
7930	55.7
7931	55.7
7932	66.9
7933	66.9
7934	55.7
7935	44.6
7936	44.6
7937	55.7
7938	66.9
7939	78.0
7940	78.0
7941	66.9
7942	55.7
7943	22.3
7944	11.1
7945	11.1
7946	11.1
7947	0.0
7948	0.0
7949	11.1
7950	33.4
7951	66.9
7952	89.2
7953	66.9
7954	55.7
7955	55.7
7956	66.9
7957	66.9
7958	55.7
7959	44.6
7960	44.6
7961	55.7
7962	66.9
7963	78.0
7964	78.0
7965	66.9
7966	55.7
7967	22.3
7968	11.1
7969	11.1
7970	11.1
7971	0.0
7972	0.0
7973	11.1
7974	33.4
7975	66.9
7976	89.2
7977	66.9
7978	55.7
7979	55.7
7980	66.9
7981	66.9
7982	55.7
7983	44.6
7984	44.6
7985	55.7
7986	66.9
7987	78.0
7988	78.0
7989	66.9
7990	55.7
7991	22.3
7992	11.1
7993	11.1
7994	11.1
7995	0.0
7996	0.0
7997	11.1
7998	33.4
7999	66.9
8000	89.2
8001	66.9
8002	55.7
8003	55.7
8004	66.9
8005	66.9
8006	55.7
8007	44.6
8008	44.6
8009	55.7
8010	66.9
8011	78.0
8012	78.0
8013	66.9
8014	55.7
8015	22.3
8016	11.1
8017	11.1
8018	11.1
8019	0.0
8020	0.0
8021	11.1
8022	33.4
8023	66.9
8024	89.2
8025	66.9
8026	55.7
8027	55.7
8028	66.9
8029	66.9
8030	55.7
8031	44.6
8032	44.6
8033	55.7
8034	66.9
8035	78.0
8036	78.0
8037	66.9
8038	55.7
8039	22.3
8040	11.1
8041	11.1
8042	11.1
8043	0.0
8044	0.0
8045	11.1
8046	33.4
8047	66.9
8048	89.2
8049	66.9
8050	55.7
8051	55.7
8052	66.9
8053	66.9
8054	55.7
8055	44.6
8056	44.6
8057	55.7
8058	66.9
8059	78.0
8060	78.0
8061	66.9
8062	55.7
8063	22.3
8064	11.1
8065	11.1
8066	11.1
8067	0.0
8068	0.0
8069	11.1
8070	33.4
8071	66.9
8072	89.2
8073	66.9
8074	55.7
8075	55.7
8076	66.9
8077	66.9
8078	55.7
8079	44.6
8080	44.6
8081	55.7
8082	66.9
8083	78.0
8084	78.0
8085	66.9
8086	55.7
8087	22.3
8088	11.1
8089	11.1
8090	11.1
8091	0.0
8092	0.0
8093	11.1
8094	33.4
8095	66.9
8096	89.2
8097	66.9
8098	55.7
8099	55.7
8100	66.9
8101	66.9
8102	55.7
8103	44.6
8104	44.6
8105	55.7
8106	66.9
8107	78.0
8108	78.0
8109	66.9
8110	55.7
8111	22.3
8112	11.1
8113	11.1
8114	11.1
8115	0.0
8116	0.0
8117	11.1
8118	33.4
8119	66.9
8120	89.2
8121	66.9
8122	55.7
8123	55.7
8124	66.9
8125	66.9
8126	55.7
8127	44.6
8128	44.6
8129	55.7
8130	66.9
8131	78.0
8132	78.0
8133	66.9
8134	55.7
8135	22.3
8136	11.1
8137	11.1
8138	11.1
8139	0.0
8140	0.0
8141	11.1
8142	33.4
8143	66.9
8144	89.2
8145	66.9
8146	55.7
8147	55.7
8148	66.9
8149	66.9
8150	55.7
8151	44.6
8152	44.6
8153	55.7
8154	66.9
8155	78.0
8156	78.0
8157	66.9
8158	55.7
8159	22.3
8160	11.1
8161	11.1
8162	11.1
8163	0.0
8164	0.0
8165	11.1
8166	33.4
8167	66.9
8168	89.2
8169	66.9
8170	55.7
8171	55.7
8172	66.9
8173	66.9
8174	55.7
8175	44.6
8176	44.6
8177	55.7
8178	66.9
8179	78.0
8180	78.0
8181	66.9
8182	55.7
8183	22.3
8184	11.1
8185	11.1
8186	11.1
8187	0.0
8188	0.0
8189	11.1
8190	33.4
8191	66.9
8192	89.2
8193	66.9
8194	55.7
8195	55.7
8196	66.9
8197	66.9
8198	55.7
8199	44.6
8200	44.6
8201	55.7
8202	66.9
8203	78.0
8204	78.0
8205	66.9
8206	55.7
8207	22.3
8208	11.1
8209	11.1
8210	11.1
8211	0.0
8212	0.0
8213	11.1
8214	33.4
8215	66.9
8216	89.2
8217	66.9
8218	55.7
8219	55.7
8220	66.9
8221	66.9
8222	55.7
8223	44.6
8224	44.6
8225	55.7
8226	66.9
8227	78.0
8228	78.0
8229	66.9
8230	55.7
8231	22.3
8232	11.1
8233	11.1
8234	11.1
8235	0.0
8236	0.0
8237	11.1
8238	33.4
8239	66.9
8240	89.2
8241	66.9
8242	55.7
8243	55.7
8244	66.9
8245	66.9
8246	55.7
8247	44.6
8248	44.6
8249	55.7
8250	66.9
8251	78.0
8252	78.0
8253	66.9
8254	55.7
8255	22.3
8256	11.1
8257	11.1
8258	11.1
8259	0.0
8260	0.0
8261	11.1
8262	33.4
8263	66.9
8264	89.2
8265	66.9
8266	55.7
8267	55.7
8268	66.9
8269	66.9
8270	55.7
8271	44.6
8272	44.6
8273	55.7
8274	66.9
8275	78.0
8276	78.0
8277	66.9
8278	55.7
8279	22.3
8280	11.1
8281	11.1
8282	11.1
8283	0.0
8284	0.0
8285	11.1
8286	33.4
8287	66.9
8288	89.2
8289	66.9
8290	55.7
8291	55.7
8292	66.9
8293	66.9
8294	55.7
8295	44.6
8296	44.6
8297	55.7
8298	66.9
8299	78.0
8300	78.0
8301	66.9
8302	55.7
8303	22.3
8304	11.1
8305	11.1
8306	11.1
8307	0.0
8308	0.0
8309	11.1
8310	33.4
8311	66.9
8312	89.2
8313	66.9
8314	55.7
8315	55.7
8316	66.9
8317	66.9
8318	55.7
8319	44.6
8320	44.6
8321	55.7
8322	66.9
8323	78.0
8324	78.0
8325	66.9
8326	55.7
8327	22.3
8328	11.1
8329	11.1
8330	11.1
8331	0.0
8332	0.0
8333	11.1
8334	33.4
8335	66.9
8336	89.2
8337	66.9
8338	55.7
8339	55.7
8340	66.9
8341	66.9
8342	55.7
8343	44.6
8344	44.6
8345	55.7
8346	66.9
8347	78.0
8348	78.0
8349	66.9
8350	55.7
8351	22.3
8352	11.1
8353	11.1
8354	11.1
8355	0.0
8356	0.0
8357	11.1
8358	33.4
8359	66.9
8360	89.2
8361	66.9
8362	55.7
8363	55.7
8364	66.9
8365	66.9
8366	55.7
8367	44.6
8368	44.6
8369	55.7
8370	66.9
8371	78.0
8372	78.0
8373	66.9
8374	55.7
8375	22.3
8376	11.1
8377	11.1
8378	11.1
8379	0.0
8380	0.0
8381	11.1
8382	33.4
8383	66.9
8384	89.2
8385	66.9
8386	55.7
8387	55.7
8388	66.9
8389	66.9
8390	55.7
8391	44.6
8392	44.6
8393	55.7
8394	66.9
8395	78.0
8396	78.0
8397	66.9
8398	55.7
8399	22.3
8400	11.1
8401	11.1
8402	11.1
8403	0.0
8404	0.0
8405	11.1
8406	33.4
8407	66.9
8408	89.2
8409	66.9
8410	55.7
8411	55.7
8412	66.9
8413	66.9
8414	55.7
8415	44.6
8416	44.6
8417	55.7
8418	66.9
8419	78.0
8420	78.0
8421	66.9
8422	55.7
8423	22.3
8424	11.1
8425	11.1
8426	11.1
8427	0.0
8428	0.0
8429	11.1
8430	33.4
8431	66.9
8432	89.2
8433	66.9
8434	55.7
8435	55.7
8436	66.9
8437	66.9
8438	55.7
8439	44.6
8440	44.6
8441	55.7
8442	66.9
8443	78.0
8444	78.0
8445	66.9
8446	55.7
8447	22.3
8448	11.1
8449	11.1
8450	11.1
8451	0.0
8452	0.0
8453	11.1
8454	33.4
8455	66.9
8456	89.2
8457	66.9
8458	55.7
8459	55.7
8460	66.9
8461	66.9
8462	55.7
8463	44.6
8464	44.6
8465	55.7
8466	66.9
8467	78.0
8468	78.0
8469	66.9
8470	55.7
8471	22.3
8472	11.1
8473	11.1
8474	11.1
8475	0.0
8476	0.0
8477	11.1
8478	33.4
8479	66.9
8480	89.2
8481	66.9
8482	55.7
8483	55.7
8484	66.9
8485	66.9
8486	55.7
8487	44.6
8488	44.6
8489	55.7
8490	66.9
8491	78.0
8492	78.0
8493	66.9
8494	55.7
8495	22.3
8496	11.1
8497	11.1
8498	11.1
8499	0.0
8500	0.0
8501	11.1
8502	33.4
8503	66.9
8504	89.2
8505	66.9
8506	55.7
8507	55.7
8508	66.9
8509	66.9
8510	55.7
8511	44.6
8512	44.6
8513	55.7
8514	66.9
8515	78.0
8516	78.0
8517	66.9
8518	55.7
8519	22.3
8520	11.1
8521	11.1
8522	11.1
8523	0.0
8524	0.0
8525	11.1
8526	33.4
8527	66.9
8528	89.2
8529	66.9
8530	55.7
8531	55.7
8532	66.9
8533	66.9
8534	55.7
8535	44.6
8536	44.6
8537	55.7
8538	66.9
8539	78.0
8540	78.0
8541	66.9
8542	55.7
8543	22.3
8544	11.1
8545	11.1
8546	11.1
8547	0.0
8548	0.0
8549	11.1
8550	33.4
8551	66.9
8552	89.2
8553	66.9
8554	55.7
8555	55.7
8556	66.9
8557	66.9
8558	55.7
8559	44.6
8560	44.6
8561	55.7
8562	66.9
8563	78.0
8564	78.0
8565	66.9
8566	55.7
8567	22.3
8568	11.1
8569	11.1
8570	11.1
8571	0.0
8572	0.0
8573	11.1
8574	33.4
8575	66.9
8576	89.2
8577	66.9
8578	55.7
8579	55.7
8580	66.9
8581	66.9
8582	55.7
8583	44.6
8584	44.6
8585	55.7
8586	66.9
8587	78.0
8588	78.0
8589	66.9
8590	55.7
8591	22.3
8592	11.1
8593	11.1
8594	11.1
8595	0.0
8596	0.0
8597	11.1
8598	33.4
8599	66.9
8600	89.2
8601	66.9
8602	55.7
8603	55.7
8604	66.9
8605	66.9
8606	55.7
8607	44.6
8608	44.6
8609	55.7
8610	66.9
8611	78.0
8612	78.0
8613	66.9
8614	55.7
8615	22.3
8616	11.1
8617	11.1
8618	11.1
8619	0.0
8620	0.0
8621	11.1
8622	33.4
8623	66.9
8624	89.2
8625	66.9
8626	55.7
8627	55.7
8628	66.9
8629	66.9
8630	55.7
8631	44.6
8632	44.6
8633	55.7
8634	66.9
8635	78.0
8636	78.0
8637	66.9
8638	55.7
8639	22.3
8640	11.1
8641	11.1
8642	11.1
8643	0.0
8644	0.0
8645	11.1
8646	33.4
8647	66.9
8648	89.2
8649	66.9
8650	55.7
8651	55.7
8652	66.9
8653	66.9
8654	55.7
8655	44.6
8656	44.6
8657	55.7
8658	66.9
8659	78.0
8660	78.0
8661	66.9
8662	55.7
8663	22.3
8664	11.1
8665	11.1
8666	11.1
8667	0.0
8668	0.0
8669	11.1
8670	33.4
8671	66.9
8672	89.2
8673	66.9
8674	55.7
8675	55.7
8676	66.9
8677	66.9
8678	55.7
8679	44.6
8680	44.6
8681	55.7
8682	66.9
8683	78.0
8684	78.0
8685	66.9
8686	55.7
8687	22.3
8688	11.1
8689	11.1
8690	11.1
8691	0.0
8692	0.0
8693	11.1
8694	33.4
8695	66.9
8696	89.2
8697	66.9
8698	55.7
8699	55.7
8700	66.9
8701	66.9
8702	55.7
8703	44.6
8704	44.6
8705	55.7
8706	66.9
8707	78.0
8708	78.0
8709	66.9
8710	55.7
8711	22.3
8712	11.1
8713	11.1
8714	11.1
8715	0.0
8716	0.0
8717	11.1
8718	33.4
8719	66.9
8720	89.2
8721	66.9
8722	55.7
8723	55.7
8724	66.9
8725	66.9
8726	55.7
8727	44.6
8728	44.6
8729	55.7
8730	66.9
8731	78.0
8732	78.0
8733	66.9
8734	55.7
8735	22.3
8736	11.1
8737	11.1
8738	11.1
8739	0.0
8740	0.0
8741	11.1
8742	33.4
8743	66.9
8744	89.2
8745	66.9
8746	55.7
8747	55.7
8748	66.9
8749	66.9
8750	55.7
8751	44.6
8752	44.6
8753	55.7
8754	66.9
8755	78.0
8756	78.0
8757	66.9
8758	55.7
8759	22.3
